year,city,Unnamed: 0,env_attention,total_water,avg_u10,avg_v10,tobeijing,totianjin,toshijiazhuang,totangshan,toqinhuangdao,tohandan,toxingtai,tobaoding,tozhangjiakou,tochengde,tocangzhou,tolangfang,tohengshui,煤炭占能源消费总量的比重 (%),石油占能源消费总量的比重 (%),天然气占能源消费总量的比重 (%),一次电力及其他能源占能源总量的比重 (%),pm25,第二产业占比,供气总量
2010,保定,,0.1872914380846114,0.206771192235566,-0.3125069624323649,0.26984930221545755,-0.49617288326157094,-0.3106287417459564,-0.841744734997088,0.15356894527363044,0.32473729094589887,-0.3002378360862773,-0.39006800606584036,-1.9933082803731317,-0.5411303634905942,0.168513575535386,-0.6446999613988456,-0.48668293595220896,-0.7176048536364154,1.1490157834683359,-1.3443144677771686,-1.0744766936856505,-1.0387235783931192,0.7535944729576439,1.190184257197238,-0.3880142508330111
2011,保定,,0.1872914380846114,0.206771192235566,-0.3125069624323649,0.26984930221545755,-0.49617288326157094,-0.3106287417459564,-0.841744734997088,0.15356894527363044,0.32473729094589887,-0.3002378360862773,-0.39006800606584036,-1.9933082803731317,-0.5411303634905942,0.168513575535386,-0.6446999613988456,-0.48668293595220896,-0.7176048536364154,1.1490157834683359,-1.3443144677771686,-1.0744766936856505,-1.0387235783931192,0.7535944729576439,1.190184257197238,-0.3880142508330111
2012,保定,,0.1872914380846114,0.206771192235566,-0.3125069624323649,0.26984930221545755,-0.49617288326157094,-0.3106287417459564,-0.841744734997088,0.15356894527363044,0.32473729094589887,-0.3002378360862773,-0.39006800606584036,-1.9933082803731317,-0.5411303634905942,0.168513575535386,-0.6446999613988456,-0.48668293595220896,-0.7176048536364154,1.1490157834683359,-1.3443144677771686,-1.0744766936856505,-1.0387235783931192,0.7535944729576439,1.190184257197238,-0.3880142508330111
2013,保定,,0.1872914380846114,0.206771192235566,-0.3125069624323649,0.26984930221545755,-0.49617288326157094,-0.3106287417459564,-0.841744734997088,0.15356894527363044,0.32473729094589887,-0.3002378360862773,-0.39006800606584036,-1.9933082803731317,-0.5411303634905942,0.168513575535386,-0.6446999613988456,-0.48668293595220896,-0.7176048536364154,1.1490157834683359,-1.3443144677771686,-1.0744766936856505,-1.0387235783931192,0.7535944729576439,1.190184257197238,-0.3880142508330111
2014,保定,0.0,0.1872914380846114,0.206771192235566,-0.3125069624323649,0.26984930221545755,-0.49617288326157094,-0.3106287417459564,-0.841744734997088,0.15356894527363044,0.32473729094589887,-0.3002378360862773,-0.39006800606584036,-1.9933082803731317,-0.5411303634905942,0.168513575535386,-0.6446999613988456,-0.48668293595220896,-0.7176048536364154,1.1490157834683359,-1.3443144677771686,-1.0744766936856505,-1.0387235783931192,0.7535944729576439,1.190184257197238,-0.3880142508330111
2015,保定,1.0,0.670030262310303,1.7656749834678234,-0.37992070859762805,-0.01301360327474196,-0.49617288326157094,-0.3106287417459564,-0.841744734997088,0.15356894527363044,0.32473729094589887,-0.3002378360862773,-0.39006800606584036,-1.9933082803731317,-0.5411303634905942,0.168513575535386,-0.6446999613988456,-0.48668293595220896,-0.7176048536364154,0.7121276528720103,0.2400561549601992,-0.923141948096122,-0.7879971974016767,2.3544219530945933,0.914896425879289,-0.3901711197392012
2016,保定,2.0,0.12695586590984984,2.2531845449454715,-0.7831964649192684,0.09733470330948349,-0.49617288326157094,-0.3106287417459564,-0.841744734997088,0.15356894527363044,0.32473729094589887,-0.3002378360862773,-0.39006800606584036,-1.9933082803731317,-0.5411303634905942,0.168513575535386,-0.6446999613988456,-0.48668293595220896,-0.7176048536364154,0.36261714839495107,0.6721572338885741,-0.6961398297118305,-0.42981665312818723,1.669599298104127,0.7724397858965744,-0.37174384680184563
2017,保定,3.0,-0.023238670273256462,1.0422847741288568,-0.1560264878688706,0.2376543488268715,-0.49617288326157094,-0.3106287417459564,-0.841744734997088,0.15356894527363044,0.32473729094589887,-0.3002378360862773,-0.39006800606584036,-1.9933082803731317,-0.5411303634905942,0.168513575535386,-0.6446999613988456,-0.48668293595220896,-0.7176048536364154,0.013106643917890265,0.9602246198408223,-0.09080084735371635,-0.21490832656409362,1.2678172874975482,0.6136198832131416,-0.35918071979649624
2018,保定,4.0,-0.24859064099733405,1.3274061411964388,-0.7370153263818711,-0.10760115154790661,-0.49617288326157094,-0.3106287417459564,-0.841744734997088,0.15356894527363044,0.32473729094589887,-0.3002378360862773,-0.39006800606584036,-1.9933082803731317,-0.5411303634905942,0.168513575535386,-0.6446999613988456,-0.48668293595220896,-0.7176048536364154,-0.33640386055917054,0.9602246198408223,0.43887076220963195,0.10745416328204711,0.4191800129835307,0.6790729340160107,-0.32985999013646555
2019,保定,5.0,-0.2605953952714533,0.7163266446939321,0.20386346531156566,0.12263221742194391,-0.49617288326157094,-0.3106287417459564,-0.841744734997088,0.15356894527363044,0.32473729094589887,-0.3002378360862773,-0.39006800606584036,-1.9933082803731317,-0.5411303634905942,0.168513575535386,-0.6446999613988456,-0.48668293595220896,-0.7176048536364154,-0.6640699585064147,1.104258312816949,0.7415402533886887,0.42981665312818784,0.12693085448441488,0.01876715679883209,-0.29214777168494005
2020,保定,6.0,1.4727002986436615,1.1650775675270615,0.3798797020014773,0.09605802771975924,-0.49617288326157094,-0.3106287417459564,-0.841744734997088,0.15356894527363044,0.32473729094589887,-0.3002378360862773,-0.39006800606584036,-1.9933082803731317,-0.5411303634905942,0.168513575535386,-0.6446999613988456,-0.48668293595220896,-0.7176048536364154,-0.8388252107449443,0.9602246198408223,1.0442097445677454,0.6447249796922815,-0.7570865005775882,-0.6781153252787728,-0.2886790189852203
2021,保定,7.0,-0.2653518746585952,1.911063864173445,-0.13217819596993816,-0.48568341613481525,-0.49617288326157094,-0.3106287417459564,-0.841744734997088,0.15356894527363044,0.32473729094589887,-0.3002378360862773,-0.39006800606584036,-1.9933082803731317,-0.5411303634905942,0.168513575535386,-0.6446999613988456,-0.48668293595220896,-0.7176048536364154,-1.057269276043107,0.8161909268647007,1.3468792357468022,0.8954513606837239,-0.7784114806339083,-0.8244221447204804,-0.2971288701118237
2022,保定,8.0,0.34961782981198425,0.9682107115006076,0.09303277045828012,0.09508880914747266,-0.49617288326157094,-0.3106287417459564,-0.841744734997088,0.15356894527363044,0.32473729094589887,-0.3002378360862773,-0.39006800606584036,-1.9933082803731317,-0.5411303634905942,0.168513575535386,-0.6446999613988456,-0.48668293595220896,-0.7176048536364154,-1.0791136825729237,0.2400561549601992,1.0442097445677454,1.2178138505298652,-0.6562775039477108,-0.5106325188126085,-0.29335561827240647
2023,保定,9.0,0.48280062192264167,1.6769784063464925,0.7160489358941342,0.19082090951007155,-0.49617288326157094,-0.3106287417459564,-0.841744734997088,0.15356894527363044,0.32473729094589887,-0.3002378360862773,-0.39006800606584036,-1.9933082803731317,-0.5411303634905942,0.168513575535386,-0.6446999613988456,-0.48668293595220896,-0.7176048536364154,-1.253868934811455,0.8161909268647007,1.1198771173625093,1.325268013811911,-0.5428673827390984,-0.5327710507018139,-0.2904095890958339
2024,保定,10.0,1.169897672111052,1.2833954213038499,-0.31724960543567193,-0.005464068228257927,-0.49617288326157094,-0.3106287417459564,-0.841744734997088,0.15356894527363044,0.32473729094589887,-0.3002378360862773,-0.39006800606584036,-1.9933082803731317,-0.5411303634905942,0.168513575535386,-0.6446999613988456,-0.48668293595220896,-0.7176048536364154,-1.6033794392885141,-0.04801123099204905,1.3468792357468022,2.005811047931542,-0.6339832066161032,-0.7272051133809251,-0.33381847895253197
2010,北京,,0.45276182766635487,-0.339062883938485,-0.41362261644815823,-0.35198090507679636,-1.7742134080961551,-0.7080104979760267,0.19146668589413082,-0.5429985511025297,-0.2950745042475639,0.46186152343080145,0.4230200176316169,-0.515275588128422,-1.0329654596113227,-0.7167994488047869,-0.13441745774065408,-1.2297558284142076,0.2788415232023325,1.1490157834683359,-1.3443144677771686,-1.0744766936856505,-1.0387235783931192,-0.025736616373332286,-1.8938094894555901,1.9406277354135297
2011,北京,,0.45276182766635487,-0.339062883938485,-0.41362261644815823,-0.35198090507679636,-1.7742134080961551,-0.7080104979760267,0.19146668589413082,-0.5429985511025297,-0.2950745042475639,0.46186152343080145,0.4230200176316169,-0.515275588128422,-1.0329654596113227,-0.7167994488047869,-0.13441745774065408,-1.2297558284142076,0.2788415232023325,1.1490157834683359,-1.3443144677771686,-1.0744766936856505,-1.0387235783931192,-0.025736616373332286,-1.8938094894555901,1.9406277354135297
2012,北京,,0.45276182766635487,-0.339062883938485,-0.41362261644815823,-0.35198090507679636,-1.7742134080961551,-0.7080104979760267,0.19146668589413082,-0.5429985511025297,-0.2950745042475639,0.46186152343080145,0.4230200176316169,-0.515275588128422,-1.0329654596113227,-0.7167994488047869,-0.13441745774065408,-1.2297558284142076,0.2788415232023325,1.1490157834683359,-1.3443144677771686,-1.0744766936856505,-1.0387235783931192,-0.025736616373332286,-1.8938094894555901,1.9406277354135297
2013,北京,,0.45276182766635487,-0.339062883938485,-0.41362261644815823,-0.35198090507679636,-1.7742134080961551,-0.7080104979760267,0.19146668589413082,-0.5429985511025297,-0.2950745042475639,0.46186152343080145,0.4230200176316169,-0.515275588128422,-1.0329654596113227,-0.7167994488047869,-0.13441745774065408,-1.2297558284142076,0.2788415232023325,1.1490157834683359,-1.3443144677771686,-1.0744766936856505,-1.0387235783931192,-0.025736616373332286,-1.8938094894555901,1.9406277354135297
2014,北京,11.0,0.45276182766635487,-0.339062883938485,-0.41362261644815823,-0.35198090507679636,-1.7742134080961551,-0.7080104979760267,0.19146668589413082,-0.5429985511025297,-0.2950745042475639,0.46186152343080145,0.4230200176316169,-0.515275588128422,-1.0329654596113227,-0.7167994488047869,-0.13441745774065408,-1.2297558284142076,0.2788415232023325,1.1490157834683359,-1.3443144677771686,-1.0744766936856505,-1.0387235783931192,-0.025736616373332286,-1.8938094894555901,1.9406277354135297
2015,北京,12.0,0.4035661426456059,0.3111960901389044,0.11698160830726796,-0.7019481424418537,-1.7742134080961551,-0.7080104979760267,0.19146668589413082,-0.5429985511025297,-0.2950745042475639,0.46186152343080145,0.4230200176316169,-0.515275588128422,-1.0329654596113227,-0.7167994488047869,-0.13441745774065408,-1.2297558284142076,0.2788415232023325,0.7121276528720103,0.2400561549601992,-0.923141948096122,-0.7879971974016767,1.0385737518921052,-1.9910265207951459,2.2796770781560083
2016,北京,13.0,0.33477600204440033,1.2403983334320934,-0.31875531207044977,-0.8059306572316376,-1.7742134080961551,-0.7080104979760267,0.19146668589413082,-0.5429985511025297,-0.2950745042475639,0.46186152343080145,0.4230200176316169,-0.515275588128422,-1.0329654596113227,-0.7167994488047869,-0.13441745774065408,-1.2297558284142076,0.2788415232023325,0.36261714839495107,0.6721572338885741,-0.6961398297118305,-0.42981665312818723,0.6658712595441446,-2.142146064560593,2.9144245738526937
2017,北京,14.0,0.787446609182626,0.657914514580409,-0.06569689782409849,-0.6461647147114313,-1.7742134080961551,-0.7080104979760267,0.19146668589413082,-0.5429985511025297,-0.2950745042475639,0.46186152343080145,0.4230200176316169,-0.515275588128422,-1.0329654596113227,-0.7167994488047869,-0.13441745774065408,-1.2297558284142076,0.2788415232023325,0.013106643917890265,0.9602246198408223,-0.09080084735371635,-0.21490832656409362,-0.042699668690859824,-2.1883482180685006,3.392177642167363
2018,北京,15.0,0.5044792175669788,0.3293676701137838,-0.31310837617065823,-0.6604011392064807,-1.7742134080961551,-0.7080104979760267,0.19146668589413082,-0.5429985511025297,-0.2950745042475639,0.46186152343080145,0.4230200176316169,-0.515275588128422,-1.0329654596113227,-0.7167994488047869,-0.13441745774065408,-1.2297558284142076,0.2788415232023325,-0.33640386055917054,0.9602246198408223,0.43887076220963195,0.10745416328204711,-0.36790561454974363,-2.2124118396872023,3.4787405874199413
2019,北京,16.0,0.8132509056585747,-0.37070031243636303,0.08277059489705862,-0.5808363614649488,-1.7742134080961551,-0.7080104979760267,0.19146668589413082,-0.5429985511025297,-0.2950745042475639,0.46186152343080145,0.4230200176316169,-0.515275588128422,-1.0329654596113227,-0.7167994488047869,-0.13441745774065408,-1.2297558284142076,0.2788415232023325,-0.6640699585064147,1.104258312816949,0.7415402533886887,0.42981665312818784,-0.7313995927824751,-2.2489885445476294,4.133178302796533
2020,北京,17.0,0.6242564294834902,-0.5908772858037424,0.5998428694831536,-0.6137926970582472,-1.7742134080961551,-0.7080104979760267,0.19146668589413082,-0.5429985511025297,-0.2950745042475639,0.46186152343080145,0.4230200176316169,-0.515275588128422,-1.0329654596113227,-0.7167994488047869,-0.13441745774065408,-1.2297558284142076,0.2788415232023325,-0.8388252107449443,0.9602246198408223,1.0442097445677454,0.6447249796922815,-1.1937639330945096,-2.4867371261404037,4.172115392944908
2021,北京,18.0,-0.11232312921318231,1.3581732565509208,0.03801743454281391,-0.9119330716349789,-1.7742134080961551,-0.7080104979760267,0.19146668589413082,-0.5429985511025297,-0.2950745042475639,0.46186152343080145,0.4230200176316169,-0.515275588128422,-1.0329654596113227,-0.7167994488047869,-0.13441745774065408,-1.2297558284142076,0.2788415232023325,-1.057269276043107,0.8161909268647007,1.3468792357468022,0.8954513606837239,-1.1181571856221015,-2.5185011066770904,4.08442643623715
2022,北京,19.0,-0.26427200894246183,-0.3288160115940831,0.04955499767701448,-0.7200753165403562,-1.7742134080961551,-0.7080104979760267,0.19146668589413082,-0.5429985511025297,-0.2950745042475639,0.46186152343080145,0.4230200176316169,-0.515275588128422,-1.0329654596113227,-0.7167994488047869,-0.13441745774065408,-1.2297558284142076,0.2788415232023325,-1.0791136825729237,0.2400561549601992,1.0442097445677454,1.2178138505298652,-1.3062047370278345,-2.3048161467030175,4.212495225556498
2023,北京,20.0,0.4948296818568215,0.41973150451407565,0.3315842435044617,-0.5914788155422539,-1.7742134080961551,-0.7080104979760267,0.19146668589413082,-0.5429985511025297,-0.2950745042475639,0.46186152343080145,0.4230200176316169,-0.515275588128422,-1.0329654596113227,-0.7167994488047869,-0.13441745774065408,-1.2297558284142076,0.2788415232023325,-1.253868934811455,0.8161909268647007,1.1198771173625093,1.325268013811911,-1.0963475469281376,-2.514650927218098,4.40188556901884
2024,北京,21.0,0.6117927374086652,1.0424087178896613,-0.34187952642894526,-0.7147898485041134,-1.7742134080961551,-0.7080104979760267,0.19146668589413082,-0.5429985511025297,-0.2950745042475639,0.46186152343080145,0.4230200176316169,-0.515275588128422,-1.0329654596113227,-0.7167994488047869,-0.13441745774065408,-1.2297558284142076,0.2788415232023325,-1.6033794392885141,-0.04801123099204905,1.3468792357468022,2.005811047931542,-1.2669473873786996,-2.6070552342339126,4.451832981281504
2010,唐山,,-0.9443220608199341,-0.9202656656670031,-0.31463541073423573,0.44379490658127674,-0.3397845561001285,-0.7810750422518892,0.9475552885455896,-1.716522830861916,-1.2080882039838394,0.826744125675081,0.8658407097863828,0.6502523064905612,0.20972048339294008,-0.8777649663132183,-0.05156876456811165,-0.478674538768188,0.7301192947675775,1.1490157834683359,-1.3443144677771686,-1.0744766936856505,-1.0387235783931192,0.509811178222892,1.6079287284979022,-0.26875208778485493
2011,唐山,,-0.9443220608199341,-0.9202656656670031,-0.31463541073423573,0.44379490658127674,-0.3397845561001285,-0.7810750422518892,0.9475552885455896,-1.716522830861916,-1.2080882039838394,0.826744125675081,0.8658407097863828,0.6502523064905612,0.20972048339294008,-0.8777649663132183,-0.05156876456811165,-0.478674538768188,0.7301192947675775,1.1490157834683359,-1.3443144677771686,-1.0744766936856505,-1.0387235783931192,0.509811178222892,1.6079287284979022,-0.26875208778485493
2012,唐山,,-0.9443220608199341,-0.9202656656670031,-0.31463541073423573,0.44379490658127674,-0.3397845561001285,-0.7810750422518892,0.9475552885455896,-1.716522830861916,-1.2080882039838394,0.826744125675081,0.8658407097863828,0.6502523064905612,0.20972048339294008,-0.8777649663132183,-0.05156876456811165,-0.478674538768188,0.7301192947675775,1.1490157834683359,-1.3443144677771686,-1.0744766936856505,-1.0387235783931192,0.509811178222892,1.6079287284979022,-0.26875208778485493
2013,唐山,,-0.9443220608199341,-0.9202656656670031,-0.31463541073423573,0.44379490658127674,-0.3397845561001285,-0.7810750422518892,0.9475552885455896,-1.716522830861916,-1.2080882039838394,0.826744125675081,0.8658407097863828,0.6502523064905612,0.20972048339294008,-0.8777649663132183,-0.05156876456811165,-0.478674538768188,0.7301192947675775,1.1490157834683359,-1.3443144677771686,-1.0744766936856505,-1.0387235783931192,0.509811178222892,1.6079287284979022,-0.26875208778485493
2014,唐山,22.0,-0.9443220608199341,-0.9202656656670031,-0.31463541073423573,0.44379490658127674,-0.3397845561001285,-0.7810750422518892,0.9475552885455896,-1.716522830861916,-1.2080882039838394,0.826744125675081,0.8658407097863828,0.6502523064905612,0.20972048339294008,-0.8777649663132183,-0.05156876456811165,-0.478674538768188,0.7301192947675775,1.1490157834683359,-1.3443144677771686,-1.0744766936856505,-1.0387235783931192,0.509811178222892,1.6079287284979022,-0.26875208778485493
2015,唐山,23.0,0.1540231188022761,-0.7172376650158186,0.15687115454882378,0.05017253931589641,-0.3397845561001285,-0.7810750422518892,0.9475552885455896,-1.716522830861916,-1.2080882039838394,0.826744125675081,0.8658407097863828,0.6502523064905612,0.20972048339294008,-0.8777649663132183,-0.05156876456811165,-0.478674538768188,0.7301192947675775,0.7121276528720103,0.2400561549601992,-0.923141948096122,-0.7879971974016767,1.2954428298432354,1.516486966346835,-0.3025540297840994
2016,唐山,24.0,-2.089880662703621,-0.03942015188376474,-0.6452680158720832,0.10791168233069465,-0.3397845561001285,-0.7810750422518892,0.9475552885455896,-1.716522830861916,-1.2080882039838394,0.826744125675081,0.8658407097863828,0.6502523064905612,0.20972048339294008,-0.8777649663132183,-0.05156876456811165,-0.478674538768188,0.7301192947675775,0.36261714839495107,0.6721572338885741,-0.6961398297118305,-0.42981665312818723,0.7758887702892512,1.26430021178284,-0.30113303379884476
2017,唐山,25.0,-1.6004928663656146,-0.6734004663883559,0.2521827343534318,0.13943844986457277,-0.3397845561001285,-0.7810750422518892,0.9475552885455896,-1.716522830861916,-1.2080882039838394,0.826744125675081,0.8658407097863828,0.6502523064905612,0.20972048339294008,-0.8777649663132183,-0.05156876456811165,-0.478674538768188,0.7301192947675775,0.013106643917890265,0.9602246198408223,-0.09080084735371635,-0.21490832656409362,0.4216033061717488,1.2585249425943512,-0.24282906102528126
2018,唐山,26.0,0.5734235264369141,-0.4422962121689852,-0.7782862679017728,0.004977930092634817,-0.3397845561001285,-0.7810750422518892,0.9475552885455896,-1.716522830861916,-1.2080882039838394,0.826744125675081,0.8658407097863828,0.6502523064905612,0.20972048339294008,-0.8777649663132183,-0.05156876456811165,-0.478674538768188,0.7301192947675775,-0.33640386055917054,0.9602246198408223,0.43887076220963195,0.10745416328204711,0.12208426810797839,1.9351939825122473,-0.20931385571591854
2019,唐山,27.0,-0.9314908431584698,-0.7706409000878157,0.36358979109213513,0.3115425976124526,-0.3397845561001285,-0.7810750422518892,0.9475552885455896,-1.716522830861916,-1.2080882039838394,0.826744125675081,0.8658407097863828,0.6502523064905612,0.20972048339294008,-0.8777649663132183,-0.05156876456811165,-0.478674538768188,0.7301192947675775,-0.6640699585064147,1.104258312816949,0.7415402533886887,0.42981665312818784,-0.16434898673941423,1.241199135028886,-0.2126481212956053
2020,唐山,28.0,-1.6075324305789476,-0.9034714285420763,0.953782669067055,-0.0994453679376811,-0.3397845561001285,-0.7810750422518892,0.9475552885455896,-1.716522830861916,-1.2080882039838394,0.826744125675081,0.8658407097863828,0.6502523064905612,0.20972048339294008,-0.8777649663132183,-0.05156876456811165,-0.478674538768188,0.7301192947675775,-0.8388252107449443,0.9602246198408223,1.0442097445677454,0.6447249796922815,-0.6543388693971363,1.0053756431656076,-0.21550533822309942
2021,唐山,29.0,-0.7825041498207274,0.42687123499279045,-0.21493970025328524,-0.34690144878962903,-0.3397845561001285,-0.7810750422518892,0.9475552885455896,-1.716522830861916,-1.2080882039838394,0.826744125675081,0.8658407097863828,0.6502523064905612,0.20972048339294008,-0.8777649663132183,-0.05156876456811165,-0.478674538768188,0.7301192947675775,-1.057269276043107,0.8161909268647007,1.3468792357468022,0.8954513606837239,-0.7163751750155222,1.0794915977512096,-0.17641526116444312
2022,唐山,30.0,-1.7674573246396923,-0.597542610853171,0.4681416678376221,-0.1433727238776779,-0.3397845561001285,-0.7810750422518892,0.9475552885455896,-1.716522830861916,-1.2080882039838394,0.826744125675081,0.8658407097863828,0.6502523064905612,0.20972048339294008,-0.8777649663132183,-0.05156876456811165,-0.478674538768188,0.7301192947675775,-1.0791136825729237,0.2400561549601992,1.0442097445677454,1.2178138505298652,-0.9713056184160781,1.2748882052950687,-0.12984465524055355
2023,唐山,31.0,-1.4932752720347713,-0.28883289407127094,0.7022090849114184,-0.10480791583834705,-0.3397845561001285,-0.7810750422518892,0.9475552885455896,-1.716522830861916,-1.2080882039838394,0.826744125675081,0.8658407097863828,0.6502523064905612,0.20972048339294008,-0.8777649663132183,-0.05156876456811165,-0.478674538768188,0.7301192947675775,-1.253868934811455,0.8161909268647007,1.1198771173625093,1.325268013811911,-0.720737102754315,1.2864387436720455,-0.22076809835420316
2024,唐山,32.0,-1.290505519196679,0.1462611358903088,-0.9044798196925783,-0.044143721628076144,-0.3397845561001285,-0.7810750422518892,0.9475552885455896,-1.716522830861916,-1.2080882039838394,0.826744125675081,0.8658407097863828,0.6502523064905612,0.20972048339294008,-0.8777649663132183,-0.05156876456811165,-0.478674538768188,0.7301192947675775,-1.6033794392885141,-0.04801123099204905,1.3468792357468022,2.005811047931542,-0.9800294738936636,0.8686942723713817,-0.221889670185422
2010,天津,,-0.24724523615881377,-0.8542486598115155,0.05962082087785888,1.165935082311317,-0.7621045459586973,-1.7678798977036885,0.18705813858169645,-0.9455852455586082,-0.5912327621901069,0.2665979062188837,0.26561003020296287,-0.3839649743632624,-0.11040119935053753,-0.4663895945650759,-1.0461945135647535,-1.1125643636757871,-0.09711399081091956,1.1490157834683359,-1.3443144677771686,-1.0744766936856505,-1.0387235783931192,1.0351811414286,0.8321175675109547,0.28614430696424603
2011,天津,,-0.24724523615881377,-0.8542486598115155,0.05962082087785888,1.165935082311317,-0.7621045459586973,-1.7678798977036885,0.18705813858169645,-0.9455852455586082,-0.5912327621901069,0.2665979062188837,0.26561003020296287,-0.3839649743632624,-0.11040119935053753,-0.4663895945650759,-1.0461945135647535,-1.1125643636757871,-0.09711399081091956,1.1490157834683359,-1.3443144677771686,-1.0744766936856505,-1.0387235783931192,1.0351811414286,0.8321175675109547,0.28614430696424603
2012,天津,,-0.24724523615881377,-0.8542486598115155,0.05962082087785888,1.165935082311317,-0.7621045459586973,-1.7678798977036885,0.18705813858169645,-0.9455852455586082,-0.5912327621901069,0.2665979062188837,0.26561003020296287,-0.3839649743632624,-0.11040119935053753,-0.4663895945650759,-1.0461945135647535,-1.1125643636757871,-0.09711399081091956,1.1490157834683359,-1.3443144677771686,-1.0744766936856505,-1.0387235783931192,1.0351811414286,0.8321175675109547,0.28614430696424603
2013,天津,,-0.24724523615881377,-0.8542486598115155,0.05962082087785888,1.165935082311317,-0.7621045459586973,-1.7678798977036885,0.18705813858169645,-0.9455852455586082,-0.5912327621901069,0.2665979062188837,0.26561003020296287,-0.3839649743632624,-0.11040119935053753,-0.4663895945650759,-1.0461945135647535,-1.1125643636757871,-0.09711399081091956,1.1490157834683359,-1.3443144677771686,-1.0744766936856505,-1.0387235783931192,1.0351811414286,0.8321175675109547,0.28614430696424603
2014,天津,33.0,-0.24724523615881377,-0.8542486598115155,0.05962082087785888,1.165935082311317,-0.7621045459586973,-1.7678798977036885,0.18705813858169645,-0.9455852455586082,-0.5912327621901069,0.2665979062188837,0.26561003020296287,-0.3839649743632624,-0.11040119935053753,-0.4663895945650759,-1.0461945135647535,-1.1125643636757871,-0.09711399081091956,1.1490157834683359,-1.3443144677771686,-1.0744766936856505,-1.0387235783931192,1.0351811414286,0.8321175675109547,0.28614430696424603
2015,天津,34.0,0.7731510552928956,-0.35088213247599065,-0.17345174423669307,0.5712338895514174,-0.7621045459586973,-1.7678798977036885,0.18705813858169645,-0.9455852455586082,-0.5912327621901069,0.2665979062188837,0.26561003020296287,-0.3839649743632624,-0.11040119935053753,-0.4663895945650759,-1.0461945135647535,-1.1125643636757871,-0.09711399081091956,0.7121276528720103,0.2400561549601992,-0.923141948096122,-0.7879971974016767,0.6222519821562166,0.7108369145526976,0.3346484824252142
2016,天津,35.0,0.5670265743655712,-0.28073438024748154,-0.5207427594981426,0.5516082108424996,-0.7621045459586973,-1.7678798977036885,0.18705813858169645,-0.9455852455586082,-0.5912327621901069,0.2665979062188837,0.26561003020296287,-0.3839649743632624,-0.11040119935053753,-0.4663895945650759,-1.0461945135647535,-1.1125643636757871,-0.09711399081091956,0.36261714839495107,0.6721572338885741,-0.6961398297118305,-0.42981665312818723,0.5786327047682892,0.44132435242323653,0.32555410811958463
2017,天津,36.0,0.62030001206795,-0.8752216537087638,0.21085637407250638,0.7434618884134676,-0.7621045459586973,-1.7678798977036885,0.18705813858169645,-0.9455852455586082,-0.5912327621901069,0.2665979062188837,0.26561003020296287,-0.3839649743632624,-0.11040119935053753,-0.4663895945650759,-1.0461945135647535,-1.1125643636757871,-0.09711399081091956,0.013106643917890265,0.9602246198408223,-0.09080084735371635,-0.21490832656409362,0.13613936859964396,0.03224278490530518,0.41057788040159676
2018,天津,37.0,0.639340804397234,-0.43842916683188254,-0.7439966571243205,0.46765211613318336,-0.7621045459586973,-1.7678798977036885,0.18705813858169645,-0.9455852455586082,-0.5912327621901069,0.2665979062188837,0.26561003020296287,-0.3839649743632624,-0.11040119935053753,-0.4663895945650759,-1.0461945135647535,-1.1125643636757871,-0.09711399081091956,-0.33640386055917054,0.9602246198408223,0.43887076220963195,0.10745416328204711,-0.37662947002732916,-0.10155095129467713,0.6438673587879443
2019,天津,38.0,1.227203733972429,-0.8496831130270279,0.28095427957336316,0.9150332299589128,-0.7621045459586973,-1.7678798977036885,0.18705813858169645,-0.9455852455586082,-0.5912327621901069,0.2665979062188837,0.26561003020296287,-0.3839649743632624,-0.11040119935053753,-0.4663895945650759,-1.0461945135647535,-1.1125643636757871,-0.09711399081091956,-0.6640699585064147,1.104258312816949,0.7415402533886887,0.42981665312818784,-0.14399332395838116,-0.14775310480258436,0.8422231733725053
2020,天津,39.0,0.28166539792545003,-0.8309515067030423,0.8058921588853283,0.452355740830857,-0.7621045459586973,-1.7678798977036885,0.18705813858169645,-0.9455852455586082,-0.5912327621901069,0.2665979062188837,0.26561003020296287,-0.3839649743632624,-0.11040119935053753,-0.4663895945650759,-1.0461945135647535,-1.1125643636757871,-0.09711399081091956,-0.8388252107449443,0.9602246198408223,1.0442097445677454,0.6447249796922815,-0.4410890688339335,-0.6511640690658274,0.9323396937659567
2021,天津,40.0,0.5107258884265051,0.4680446400116052,-0.5877247561629442,0.2513660928320929,-0.7621045459586973,-1.7678798977036885,0.18705813858169645,-0.9455852455586082,-0.5912327621901069,0.2665979062188837,0.26561003020296287,-0.3839649743632624,-0.11040119935053753,-0.4663895945650759,-1.0461945135647535,-1.1125643636757871,-0.09711399081091956,-1.057269276043107,0.8161909268647007,1.3468792357468022,0.8954513606837239,-0.6785718012793184,-0.7589690939176114,1.1958836991740738
2022,天津,41.0,1.3629341974709752,-0.8096871737358566,0.540851962500969,0.4719984630019569,-0.7621045459586973,-1.7678798977036885,0.18705813858169645,-0.9455852455586082,-0.5912327621901069,0.2665979062188837,0.26561003020296287,-0.3839649743632624,-0.11040119935053753,-0.4663895945650759,-1.0461945135647535,-1.1125643636757871,-0.09711399081091956,-1.0791136825729237,0.2400561549601992,1.0442097445677454,1.2178138505298652,-0.9751828875172271,-0.45191728206297604,1.2561009415420694
2023,天津,42.0,-0.11725433603316839,-0.5408785151592708,1.086954595030286,0.6062424516004846,-0.7621045459586973,-1.7678798977036885,0.18705813858169645,-0.9455852455586082,-0.5912327621901069,0.2665979062188837,0.26561003020296287,-0.3839649743632624,-0.11040119935053753,-0.4663895945650759,-1.0461945135647535,-1.1125643636757871,-0.09711399081091956,-1.253868934811455,0.8161909268647007,1.1198771173625093,1.325268013811911,-0.6722712389899509,-0.4788685382759215,1.2719983341271055
2024,天津,43.0,0.36058760950038654,-0.30045112577372446,-0.37838126095379687,0.646725749186654,-0.7621045459586973,-1.7678798977036885,0.18705813858169645,-0.9455852455586082,-0.5912327621901069,0.2665979062188837,0.26561003020296287,-0.3839649743632624,-0.11040119935053753,-0.4663895945650759,-1.0461945135647535,-1.1125643636757871,-0.09711399081091956,-1.6033794392885141,-0.04801123099204905,1.3468792357468022,2.005811047931542,-0.9179931682752773,-0.6020742809636751,1.2837164760197946
2010,廊坊,,0.8370221874770339,-0.5679026714015468,-0.21844893446410774,0.3352012112280885,-1.3218180076871462,-1.1749598900022329,0.09993453908578756,-0.749694121387443,-0.42254288463711204,0.32277973023350104,0.2934294098007168,-0.6355938414769609,-0.6335937784333899,-0.6127233611709086,-0.6233116115647618,-1.6956087273801408,0.020923575197234073,1.1490157834683359,-1.3443144677771686,-1.0744766936856505,-1.0387235783931192,1.3225837135512795,1.0207763610015772,-0.3871921031558281
2011,廊坊,,0.8370221874770339,-0.5679026714015468,-0.21844893446410774,0.3352012112280885,-1.3218180076871462,-1.1749598900022329,0.09993453908578756,-0.749694121387443,-0.42254288463711204,0.32277973023350104,0.2934294098007168,-0.6355938414769609,-0.6335937784333899,-0.6127233611709086,-0.6233116115647618,-1.6956087273801408,0.020923575197234073,1.1490157834683359,-1.3443144677771686,-1.0744766936856505,-1.0387235783931192,1.3225837135512795,1.0207763610015772,-0.3871921031558281
2012,廊坊,,0.8370221874770339,-0.5679026714015468,-0.21844893446410774,0.3352012112280885,-1.3218180076871462,-1.1749598900022329,0.09993453908578756,-0.749694121387443,-0.42254288463711204,0.32277973023350104,0.2934294098007168,-0.6355938414769609,-0.6335937784333899,-0.6127233611709086,-0.6233116115647618,-1.6956087273801408,0.020923575197234073,1.1490157834683359,-1.3443144677771686,-1.0744766936856505,-1.0387235783931192,1.3225837135512795,1.0207763610015772,-0.3871921031558281
2013,廊坊,,0.8370221874770339,-0.5679026714015468,-0.21844893446410774,0.3352012112280885,-1.3218180076871462,-1.1749598900022329,0.09993453908578756,-0.749694121387443,-0.42254288463711204,0.32277973023350104,0.2934294098007168,-0.6355938414769609,-0.6335937784333899,-0.6127233611709086,-0.6233116115647618,-1.6956087273801408,0.020923575197234073,1.1490157834683359,-1.3443144677771686,-1.0744766936856505,-1.0387235783931192,1.3225837135512795,1.0207763610015772,-0.3871921031558281
2014,廊坊,44.0,0.8370221874770339,-0.5679026714015468,-0.21844893446410774,0.3352012112280885,-1.3218180076871462,-1.1749598900022329,0.09993453908578756,-0.749694121387443,-0.42254288463711204,0.32277973023350104,0.2934294098007168,-0.6355938414769609,-0.6335937784333899,-0.6127233611709086,-0.6233116115647618,-1.6956087273801408,0.020923575197234073,1.1490157834683359,-1.3443144677771686,-1.0744766936856505,-1.0387235783931192,1.3225837135512795,1.0207763610015772,-0.3871921031558281
2015,廊坊,45.0,-0.7728618413128238,-0.3061345882950321,0.06547426529459875,-0.13055816414915886,-1.3218180076871462,-1.1749598900022329,0.09993453908578756,-0.749694121387443,-0.42254288463711204,0.32277973023350104,0.2934294098007168,-0.6355938414769609,-0.6335937784333899,-0.6127233611709086,-0.6233116115647618,-1.6956087273801408,0.020923575197234073,0.7121276528720103,0.2400561549601992,-0.923141948096122,-0.7879971974016767,1.3007740748573153,0.5837809924059518,-0.36841719370065135
2016,廊坊,46.0,1.541904839310308,0.10104018352871419,-0.5183037584975603,-0.24814602157780602,-1.3218180076871462,-1.1749598900022329,0.09993453908578756,-0.749694121387443,-0.42254288463711204,0.32277973023350104,0.2934294098007168,-0.6355938414769609,-0.6335937784333899,-0.6127233611709086,-0.6233116115647618,-1.6956087273801408,0.020923575197234073,0.36261714839495107,0.6721572338885741,-0.6961398297118305,-0.42981665312818723,0.3910698120001995,0.246890289744126,-0.3634563952164142
2017,廊坊,47.0,0.2797807299844687,-0.36668453458629485,0.009038195921000728,-0.06375596504322555,-1.3218180076871462,-1.1749598900022329,0.09993453908578756,-0.749694121387443,-0.42254288463711204,0.32277973023350104,0.2934294098007168,-0.6355938414769609,-0.6335937784333899,-0.6127233611709086,-0.6233116115647618,-1.6956087273801408,0.020923575197234073,0.013106643917890265,0.9602246198408223,-0.09080084735371635,-0.21490832656409362,0.1123910953551054,0.1997255913714702,-0.3569553385838743
2018,廊坊,48.0,0.6252831324971694,-0.42669012557866787,-0.6846099477936272,-0.14409903937896085,-1.3218180076871462,-1.1749598900022329,0.09993453908578756,-0.749694121387443,-0.42254288463711204,0.32277973023350104,0.2934294098007168,-0.6355938414769609,-0.6335937784333899,-0.6127233611709086,-0.6233116115647618,-1.6956087273801408,0.020923575197234073,-0.33640386055917054,0.9602246198408223,0.43887076220963195,0.10745416328204711,-0.2981147707290593,-0.3238988150514817,-0.34446326137778766
2019,廊坊,49.0,-0.12300579822348055,-0.9466646182376806,0.30814834798541335,0.10618504173853988,-1.3218180076871462,-1.1749598900022329,0.09993453908578756,-0.749694121387443,-0.42254288463711204,0.32277973023350104,0.2934294098007168,-0.6355938414769609,-0.6335937784333899,-0.6127233611709086,-0.6233116115647618,-1.6956087273801408,0.020923575197234073,-0.6640699585064147,1.104258312816949,0.7415402533886887,0.42981665312818784,-0.5103952540169743,-0.5183328777305929,-0.33419402789149216
2020,廊坊,50.0,-1.273121270367564,-0.8238409813633673,0.6899147188433845,-0.16596686914184394,-1.3218180076871462,-1.1749598900022329,0.09993453908578756,-0.749694121387443,-0.42254288463711204,0.32277973023350104,0.2934294098007168,-0.6355938414769609,-0.6335937784333899,-0.6127233611709086,-0.6233116115647618,-1.6956087273801408,0.020923575197234073,-0.8388252107449443,0.9602246198408223,1.0442097445677454,0.6447249796922815,-0.33301019263940146,-0.8735119328226318,-0.3304918258513377
2021,廊坊,51.0,0.3692938028193774,0.21469134101507098,-0.3121875513081995,-0.460060630040058,-1.3218180076871462,-1.1749598900022329,0.09993453908578756,-0.749694121387443,-0.42254288463711204,0.32277973023350104,0.2934294098007168,-0.6355938414769609,-0.6335937784333899,-0.6127233611709086,-0.6233116115647618,-1.6956087273801408,0.020923575197234073,-1.057269276043107,0.8161909268647007,1.3468792357468022,0.8954513606837239,-0.5797014392000154,-1.0621707263132545,-0.2748547580429574
2022,廊坊,52.0,0.7402804306024011,-0.8995122089368812,0.2886540568316618,-0.32389027846052704,-1.3218180076871462,-1.1749598900022329,0.09993453908578756,-0.749694121387443,-0.42254288463711204,0.32277973023350104,0.2934294098007168,-0.6355938414769609,-0.6335937784333899,-0.6127233611709086,-0.6233116115647618,-1.6956087273801408,0.020923575197234073,-1.0791136825729237,0.2400561549601992,1.0442097445677454,1.2178138505298652,-1.0032930885005582,-0.807096337155015,-0.25143369921456415
2023,廊坊,53.0,0.04519318972450604,-0.28095534205553674,0.6754243096091892,-0.07945649627647876,-1.3218180076871462,-1.1749598900022329,0.09993453908578756,-0.749694121387443,-0.42254288463711204,0.32277973023350104,0.2934294098007168,-0.6355938414769609,-0.6335937784333899,-0.6127233611709086,-0.6233116115647618,-1.6956087273801408,0.020923575197234073,-1.253868934811455,0.8161909268647007,1.1198771173625093,1.325268013811911,-0.7246143718554641,-0.8147966960729994,-0.2287307508572907
2024,廊坊,54.0,-1.3650458149263665,-0.164505762392761,-0.21958123307561653,-0.17211233091889483,-1.3218180076871462,-1.1749598900022329,0.09993453908578756,-0.749694121387443,-0.42254288463711204,0.32277973023350104,0.2934294098007168,-0.6355938414769609,-0.6335937784333899,-0.6127233611709086,-0.6233116115647618,-1.6956087273801408,0.020923575197234073,-1.6033794392885141,-0.04801123099204905,1.3468792357468022,2.005811047931542,-0.925263047839932,-0.963991150108951,-0.27687206484345284
2010,张家口,,-1.2457152147564874,-0.41276354817929894,0.4913193712873926,-2.203267270893326,-0.2691424285040691,0.8531621884074256,0.5437749670089046,0.6144268093184792,0.5577501802625028,0.8356146075481502,0.788757274165756,0.36250344014456787,-2.42446801137118,-0.19699070391529494,1.4145378366532682,0.2990503804170566,1.1112178857575954,1.1490157834683359,-1.3443144677771686,-1.0744766936856505,-1.0387235783931192,-0.4532055347750245,0.012991887610344114,-0.4148583874901695
2011,张家口,,-1.2457152147564874,-0.41276354817929894,0.4913193712873926,-2.203267270893326,-0.2691424285040691,0.8531621884074256,0.5437749670089046,0.6144268093184792,0.5577501802625028,0.8356146075481502,0.788757274165756,0.36250344014456787,-2.42446801137118,-0.19699070391529494,1.4145378366532682,0.2990503804170566,1.1112178857575954,1.1490157834683359,-1.3443144677771686,-1.0744766936856505,-1.0387235783931192,-0.4532055347750245,0.012991887610344114,-0.4148583874901695
2012,张家口,,-1.2457152147564874,-0.41276354817929894,0.4913193712873926,-2.203267270893326,-0.2691424285040691,0.8531621884074256,0.5437749670089046,0.6144268093184792,0.5577501802625028,0.8356146075481502,0.788757274165756,0.36250344014456787,-2.42446801137118,-0.19699070391529494,1.4145378366532682,0.2990503804170566,1.1112178857575954,1.1490157834683359,-1.3443144677771686,-1.0744766936856505,-1.0387235783931192,-0.4532055347750245,0.012991887610344114,-0.4148583874901695
2013,张家口,,-1.2457152147564874,-0.41276354817929894,0.4913193712873926,-2.203267270893326,-0.2691424285040691,0.8531621884074256,0.5437749670089046,0.6144268093184792,0.5577501802625028,0.8356146075481502,0.788757274165756,0.36250344014456787,-2.42446801137118,-0.19699070391529494,1.4145378366532682,0.2990503804170566,1.1112178857575954,1.1490157834683359,-1.3443144677771686,-1.0744766936856505,-1.0387235783931192,-0.4532055347750245,0.012991887610344114,-0.4148583874901695
2014,张家口,55.0,-1.2457152147564874,-0.41276354817929894,0.4913193712873926,-2.203267270893326,-0.2691424285040691,0.8531621884074256,0.5437749670089046,0.6144268093184792,0.5577501802625028,0.8356146075481502,0.788757274165756,0.36250344014456787,-2.42446801137118,-0.19699070391529494,1.4145378366532682,0.2990503804170566,1.1112178857575954,1.1490157834683359,-1.3443144677771686,-1.0744766936856505,-1.0387235783931192,-0.4532055347750245,0.012991887610344114,-0.4148583874901695
2015,张家口,56.0,0.377856970035426,-0.0003700317052156441,0.7161657316947037,-2.644244267135731,-0.2691424285040691,0.8531621884074256,0.5437749670089046,0.6144268093184792,0.5577501802625028,0.8356146075481502,0.788757274165756,0.36250344014456787,-2.42446801137118,-0.19699070391529494,1.4145378366532682,0.2990503804170566,1.1112178857575954,0.7121276528720103,0.2400561549601992,-0.923141948096122,-0.7879971974016767,-1.1583838525465238,0.06400676544199145,-0.414663000542197
2016,张家口,57.0,1.6705730519457611,0.409281193445043,0.8965987116081696,-2.4334389343163605,-0.2691424285040691,0.8531621884074256,0.5437749670089046,0.6144268093184792,0.5577501802625028,0.8356146075481502,0.788757274165756,0.36250344014456787,-2.42446801137118,-0.19699070391529494,1.4145378366532682,0.2990503804170566,1.1112178857575954,0.36261714839495107,0.6721572338885741,-0.6961398297118305,-0.42981665312818723,-1.259677507814045,-0.19106762371624794,-0.41496749968189445
2017,张家口,58.0,0.8528517050701118,-0.13689921293879637,1.1213982972721608,-2.69254106808929,-0.2691424285040691,0.8531621884074256,0.5437749670089046,0.6144268093184792,0.5577501802625028,0.8356146075481502,0.788757274165756,0.36250344014456787,-2.42446801137118,-0.19699070391529494,1.4145378366532682,0.2990503804170566,1.1112178857575954,0.013106643917890265,0.9602246198408223,-0.09080084735371635,-0.21490832656409362,-1.1816474671534185,-0.4499921923334796,-0.4141250520620649
2018,张家口,59.0,-0.9254694388076471,-0.3098888020705746,0.7138334267612111,-2.348238080173696,-0.2691424285040691,0.8531621884074256,0.5437749670089046,0.6144268093184792,0.5577501802625028,0.8356146075481502,0.788757274165756,0.36250344014456787,-2.42446801137118,-0.19699070391529494,1.4145378366532682,0.2990503804170566,1.1112178857575954,-0.33640386055917054,0.9602246198408223,0.43887076220963195,0.10745416328204711,-1.2693706805669178,-0.2959850139737876,-0.3904045690796359
2019,张家口,60.0,0.03307035915146046,-0.3712153913641665,0.8460181743057179,-2.580764997529851,-0.2691424285040691,0.8531621884074256,0.5437749670089046,0.6144268093184792,0.5577501802625028,0.8356146075481502,0.788757274165756,0.36250344014456787,-2.42446801137118,-0.19699070391529494,1.4145378366532682,0.2990503804170566,1.1112178857575954,-0.6640699585064147,1.104258312816949,0.7415402533886887,0.42981665312818784,-1.595545943701089,-0.7945832539132898,-0.3942640956753007
2020,张家口,61.0,0.18409956130994326,0.014117284363724211,1.2974102458070758,-2.7146172798452146,-0.2691424285040691,0.8531621884074256,0.5437749670089046,0.6144268093184792,0.5577501802625028,0.8356146075481502,0.788757274165756,0.36250344014456787,-2.42446801137118,-0.19699070391529494,1.4145378366532682,0.2990503804170566,1.1112178857575954,-0.8388252107449443,0.9602246198408223,1.0442097445677454,0.6447249796922815,-1.590214698687009,-1.2777807760168232,-0.4037644688338602
2021,张家口,62.0,0.5430910317175365,0.06278344588340742,1.4080797398863387,-2.478072329611237,-0.2691424285040691,0.8531621884074256,0.5437749670089046,0.6144268093184792,0.5577501802625028,0.8356146075481502,0.788757274165756,0.36250344014456787,-2.42446801137118,-0.19699070391529494,1.4145378366532682,0.2990503804170566,1.1112178857575954,-1.057269276043107,0.8161909268647007,1.3468792357468022,0.8954513606837239,-1.646919759291315,-1.44911376194198,-0.4048226033443087
2022,张家口,63.0,0.34740538634265655,-0.07057605174771213,1.2577812614046642,-2.677671014019138,-0.2691424285040691,0.8531621884074256,0.5437749670089046,0.6144268093184792,0.5577501802625028,0.8356146075481502,0.788757274165756,0.36250344014456787,-2.42446801137118,-0.19699070391529494,1.4145378366532682,0.2990503804170566,1.1112178857575954,-1.0791136825729237,0.2400561549601992,1.0442097445677454,1.2178138505298652,-1.899911568141296,-1.3740352624916305,-0.3988493452205777
2023,张家口,64.0,-0.09482113124682834,-0.5667071127341077,1.6673725672670356,-2.453685687347689,-0.2691424285040691,0.8531621884074256,0.5437749670089046,0.6144268093184792,0.5577501802625028,0.8356146075481502,0.788757274165756,0.36250344014456787,-2.42446801137118,-0.19699070391529494,1.4145378366532682,0.2990503804170566,1.1112178857575954,-1.253868934811455,0.8161909268647007,1.1198771173625093,1.325268013811911,-1.7302810449660213,-1.511679178150605,-0.3979916726437633
2024,张家口,65.0,-1.645016395247533,0.5438712959104499,0.4800162461007114,-2.343442266992435,-0.2691424285040691,0.8531621884074256,0.5437749670089046,0.6144268093184792,0.5577501802625028,0.8356146075481502,0.788757274165756,0.36250344014456787,-2.42446801137118,-0.19699070391529494,1.4145378366532682,0.2990503804170566,1.1112178857575954,-1.6033794392885141,-0.04801123099204905,1.3468792357468022,2.005811047931542,-1.7758389569045239,-1.6175591132728928,-0.3881005255892587
2010,承德,,-2.7977582878600527,1.3950225914226775,1.5905115078361165,-0.44832350166806617,-0.16502793700709348,0.2913794210964774,1.490527928783598,-0.5879167866432707,-0.8496179262506722,1.3952628095703083,1.422651050998011,1.328489860945763,-0.25102059862332166,-1.8446487496420834,1.2559544255614359,0.11435576660602105,1.5921755367774977,1.1490157834683359,-1.3443144677771686,-1.0744766936856505,-1.0387235783931192,-1.1467520452430764,0.8744695415598697,-0.4159241344791105
2011,承德,,-2.7977582878600527,1.3950225914226775,1.5905115078361165,-0.44832350166806617,-0.16502793700709348,0.2913794210964774,1.490527928783598,-0.5879167866432707,-0.8496179262506722,1.3952628095703083,1.422651050998011,1.328489860945763,-0.25102059862332166,-1.8446487496420834,1.2559544255614359,0.11435576660602105,1.5921755367774977,1.1490157834683359,-1.3443144677771686,-1.0744766936856505,-1.0387235783931192,-1.1467520452430764,0.8744695415598697,-0.4159241344791105
2012,承德,,-2.7977582878600527,1.3950225914226775,1.5905115078361165,-0.44832350166806617,-0.16502793700709348,0.2913794210964774,1.490527928783598,-0.5879167866432707,-0.8496179262506722,1.3952628095703083,1.422651050998011,1.328489860945763,-0.25102059862332166,-1.8446487496420834,1.2559544255614359,0.11435576660602105,1.5921755367774977,1.1490157834683359,-1.3443144677771686,-1.0744766936856505,-1.0387235783931192,-1.1467520452430764,0.8744695415598697,-0.4159241344791105
2013,承德,,-2.7977582878600527,1.3950225914226775,1.5905115078361165,-0.44832350166806617,-0.16502793700709348,0.2913794210964774,1.490527928783598,-0.5879167866432707,-0.8496179262506722,1.3952628095703083,1.422651050998011,1.328489860945763,-0.25102059862332166,-1.8446487496420834,1.2559544255614359,0.11435576660602105,1.5921755367774977,1.1490157834683359,-1.3443144677771686,-1.0744766936856505,-1.0387235783931192,-1.1467520452430764,0.8744695415598697,-0.4159241344791105
2014,承德,66.0,-2.7977582878600527,1.3950225914226775,1.5905115078361165,-0.44832350166806617,-0.16502793700709348,0.2913794210964774,1.490527928783598,-0.5879167866432707,-0.8496179262506722,1.3952628095703083,1.422651050998011,1.328489860945763,-0.25102059862332166,-1.8446487496420834,1.2559544255614359,0.11435576660602105,1.5921755367774977,1.1490157834683359,-1.3443144677771686,-1.0744766936856505,-1.0387235783931192,-1.1467520452430764,0.8744695415598697,-0.4159241344791105
2015,承德,67.0,-1.0270180673064906,1.3801068858264505,1.9318273740712475,-0.812077333465374,-0.16502793700709348,0.2913794210964774,1.490527928783598,-0.5879167866432707,-0.8496179262506722,1.3952628095703083,1.422651050998011,1.328489860945763,-0.25102059862332166,-1.8446487496420834,1.2559544255614359,0.11435576660602105,1.5921755367774977,0.7121276528720103,0.2400561549601992,-0.923141948096122,-0.7879971974016767,-0.7997364606902289,0.7685896064375815,-0.4132927544135586
2016,承德,68.0,2.225490662758996,2.8231805312717695,1.8088451764190296,-0.7732230212465668,-0.16502793700709348,0.2913794210964774,1.490527928783598,-0.5879167866432707,-0.8496179262506722,1.3952628095703083,1.422651050998011,1.328489860945763,-0.25102059862332166,-1.8446487496420834,1.2559544255614359,0.11435576660602105,1.5921755367774977,0.36261714839495107,0.6721572338885741,-0.6961398297118305,-0.42981665312818723,-0.9504652969974015,0.46635051890668694,-0.41510198680192745
2017,承德,69.0,-2.8592266591518984,1.4863020425479017,2.2957215612491697,-0.7145745611220913,-0.16502793700709348,0.2913794210964774,1.490527928783598,-0.5879167866432707,-0.8496179262506722,1.3952628095703083,1.422651050998011,1.328489860945763,-0.25102059862332166,-1.8446487496420834,1.2559544255614359,0.11435576660602105,1.5921755367774977,0.013106643917890265,0.9602246198408223,-0.09080084735371635,-0.21490832656409362,-1.1511139729818693,0.36528330810813875,-0.41523393642912965
2018,承德,70.0,0.5900227139740359,1.181238694223235,1.704711959016646,-0.5384034502125342,-0.16502793700709348,0.2913794210964774,1.490527928783598,-0.5879167866432707,-0.8496179262506722,1.3952628095703083,1.422651050998011,1.328489860945763,-0.25102059862332166,-1.8446487496420834,1.2559544255614359,0.11435576660602105,1.5921755367774977,-0.33640386055917054,0.9602246198408223,0.43887076220963195,0.10745416328204711,-1.2558002387128957,0.38260911567360406,-0.41392205263559995
2019,承德,71.0,2.003278615056782,1.3712828023776293,2.227022948431461,-0.6732919808955135,-0.16502793700709348,0.2913794210964774,1.490527928783598,-0.5879167866432707,-0.8496179262506722,1.3952628095703083,1.422651050998011,1.328489860945763,-0.25102059862332166,-1.8446487496420834,1.2559544255614359,0.11435576660602105,1.5921755367774977,-0.6640699585064147,1.104258312816949,0.7415402533886887,0.42981665312818784,-1.4564489146973636,-0.5510594031320271,-0.41570083510999906
2020,承德,72.0,2.5974658503028647,1.1971624757406722,2.3832429740019947,-0.8248970678354232,-0.16502793700709348,0.2913794210964774,1.490527928783598,-0.5879167866432707,-0.8496179262506722,1.3952628095703083,1.422651050998011,1.328489860945763,-0.25102059862332166,-1.8446487496420834,1.2559544255614359,0.11435576660602105,1.5921755367774977,-0.8388252107449443,0.9602246198408223,1.0442097445677454,0.6447249796922815,-1.7138026512861375,-0.8455981317449378,-0.40958547738774254
2021,承德,73.0,1.966551264891738,3.3208950806505135,1.932130196806346,-0.6294883176622934,-0.16502793700709348,0.2913794210964774,1.490527928783598,-0.5879167866432707,-0.8496179262506722,1.3952628095703083,1.422651050998011,1.328489860945763,-0.25102059862332166,-1.8446487496420834,1.2559544255614359,0.11435576660602105,1.5921755367774977,-1.057269276043107,0.8161909268647007,1.3468792357468022,0.8954513606837239,-1.7031401612579775,-0.9495529771377296,-0.41312527988672504
2022,承德,74.0,-0.5203707125899283,1.2293146270061213,2.2916733736629666,-0.8179065495481032,-0.16502793700709348,0.2913794210964774,1.490527928783598,-0.5879167866432707,-0.8496179262506722,1.3952628095703083,1.422651050998011,1.328489860945763,-0.25102059862332166,-1.8446487496420834,1.2559544255614359,0.11435576660602105,1.5921755367774977,-1.0791136825729237,0.2400561549601992,1.0442097445677454,1.2178138505298652,-1.5000681920852914,-0.7695570874298401,-0.4100802884897508
2023,承德,75.0,-0.22914495821645275,0.5225257584103232,2.131900273139078,-0.6265854141672467,-0.16502793700709348,0.2913794210964774,1.490527928783598,-0.5879167866432707,-0.8496179262506722,1.3952628095703083,1.422651050998011,1.328489860945763,-0.25102059862332166,-1.8446487496420834,1.2559544255614359,0.11435576660602105,1.5921755367774977,-1.253868934811455,0.8161909268647007,1.1198771173625093,1.325268013811911,-1.423492127337596,-0.7974708885075341,-0.40585790041927994
2024,承德,76.0,1.271900233573472,2.7831481211728217,1.181129136683652,-0.7386460900108358,-0.16502793700709348,0.2913794210964774,1.490527928783598,-0.5879167866432707,-0.8496179262506722,1.3952628095703083,1.422651050998011,1.328489860945763,-0.25102059862332166,-1.8446487496420834,1.2559544255614359,0.11435576660602105,1.5921755367774977,-1.6033794392885141,-0.04801123099204905,1.3468792357468022,2.005811047931542,-1.6435271488278094,-0.991904951186645,-0.40999655122633405
2010,沧州,,-0.14020664273145605,-1.091799129305467,-0.6692695528890573,1.5669186411654523,-0.11110338896366077,-0.8415358064996941,-0.2419366721627942,-0.2980388836058131,-0.12939460985871667,-0.22078232887493082,-0.21484454458642,-0.573827017554434,0.3359081728815036,0.1530486706376811,-2.0822236637900797,-0.41287956490253336,-0.7921002913516839,1.1490157834683359,-1.3443144677771686,-1.0744766936856505,-1.0387235783931192,1.4364784933975356,0.9890123804648909,-0.4085070429346475
2011,沧州,,-0.14020664273145605,-1.091799129305467,-0.6692695528890573,1.5669186411654523,-0.11110338896366077,-0.8415358064996941,-0.2419366721627942,-0.2980388836058131,-0.12939460985871667,-0.22078232887493082,-0.21484454458642,-0.573827017554434,0.3359081728815036,0.1530486706376811,-2.0822236637900797,-0.41287956490253336,-0.7921002913516839,1.1490157834683359,-1.3443144677771686,-1.0744766936856505,-1.0387235783931192,1.4364784933975356,0.9890123804648909,-0.4085070429346475
2012,沧州,,-0.14020664273145605,-1.091799129305467,-0.6692695528890573,1.5669186411654523,-0.11110338896366077,-0.8415358064996941,-0.2419366721627942,-0.2980388836058131,-0.12939460985871667,-0.22078232887493082,-0.21484454458642,-0.573827017554434,0.3359081728815036,0.1530486706376811,-2.0822236637900797,-0.41287956490253336,-0.7921002913516839,1.1490157834683359,-1.3443144677771686,-1.0744766936856505,-1.0387235783931192,1.4364784933975356,0.9890123804648909,-0.4085070429346475
2013,沧州,,-0.14020664273145605,-1.091799129305467,-0.6692695528890573,1.5669186411654523,-0.11110338896366077,-0.8415358064996941,-0.2419366721627942,-0.2980388836058131,-0.12939460985871667,-0.22078232887493082,-0.21484454458642,-0.573827017554434,0.3359081728815036,0.1530486706376811,-2.0822236637900797,-0.41287956490253336,-0.7921002913516839,1.1490157834683359,-1.3443144677771686,-1.0744766936856505,-1.0387235783931192,1.4364784933975356,0.9890123804648909,-0.4085070429346475
2014,沧州,77.0,-0.14020664273145605,-1.091799129305467,-0.6692695528890573,1.5669186411654523,-0.11110338896366077,-0.8415358064996941,-0.2419366721627942,-0.2980388836058131,-0.12939460985871667,-0.22078232887493082,-0.21484454458642,-0.573827017554434,0.3359081728815036,0.1530486706376811,-2.0822236637900797,-0.41287956490253336,-0.7921002913516839,1.1490157834683359,-1.3443144677771686,-1.0744766936856505,-1.0387235783931192,1.4364784933975356,0.9890123804648909,-0.4085070429346475
2015,沧州,78.0,-0.14020664273145605,-0.1898944308487884,-1.135152442692028,0.9573393859616043,-0.11110338896366077,-0.8415358064996941,-0.2419366721627942,-0.2980388836058131,-0.12939460985871667,-0.22078232887493082,-0.21484454458642,-0.573827017554434,0.3359081728815036,0.1530486706376811,-2.0822236637900797,-0.41287956490253336,-0.7921002913516839,0.7121276528720103,0.2400561549601992,-0.923141948096122,-0.7879971974016767,0.6091661989398385,0.9601360345224483,-0.4091236536925348
2016,沧州,79.0,0.3487379975578589,-0.24149962660456173,-1.6997349214971331,1.0239921423588616,-0.11110338896366077,-0.8415358064996941,-0.2419366721627942,-0.2980388836058131,-0.12939460985871667,-0.22078232887493082,-0.21484454458642,-0.573827017554434,0.3359081728815036,0.1530486706376811,-2.0822236637900797,-0.41287956490253336,-0.7921002913516839,0.36261714839495107,0.6721572338885741,-0.6961398297118305,-0.42981665312818723,0.524835595989845,0.7300878118476586,-0.4084004682357534
2017,沧州,80.0,-0.2703011240869757,-0.6976116691167397,-0.9594206376303577,1.241804714246006,-0.11110338896366077,-0.8415358064996941,-0.2419366721627942,-0.2980388836058131,-0.12939460985871667,-0.22078232887493082,-0.21484454458642,-0.573827017554434,0.3359081728815036,0.1530486706376811,-2.0822236637900797,-0.41287956490253336,-0.7921002913516839,0.013106643917890265,0.9602246198408223,-0.09080084735371635,-0.21490832656409362,0.40609422976715254,0.7310503567124073,-0.4084004682357534
2018,沧州,81.0,-0.5653004923156699,-0.34941361260659576,-2.5363250727387907,0.8337364140399568,-0.11110338896366077,-0.8415358064996941,-0.2419366721627942,-0.2980388836058131,-0.12939460985871667,-0.22078232887493082,-0.21484454458642,-0.573827017554434,0.3359081728815036,0.1530486706376811,-2.0822236637900797,-0.41287956490253336,-0.7921002913516839,-0.33640386055917054,0.9602246198408223,0.43887076220963195,0.10745416328204711,0.040176958346202996,0.7714772410318258,-0.4072636714475497
2019,沧州,82.0,-0.6075376710558639,-0.9012593885719471,-0.9499755587191474,1.243835438364805,-0.11110338896366077,-0.8415358064996941,-0.2419366721627942,-0.2980388836058131,-0.12939460985871667,-0.22078232887493082,-0.21484454458642,-0.573827017554434,0.3359081728815036,0.1530486706376811,-2.0822236637900797,-0.41287956490253336,-0.7921002913516839,-0.6640699585064147,1.104258312816949,0.7415402533886887,0.42981665312818784,-0.38535332550491475,0.09480820111392983,-0.39170376540901153
2020,沧州,83.0,-0.07913789438144236,-0.7296816186005978,-0.3435238646009205,0.8512127390929594,-0.11110338896366077,-0.8415358064996941,-0.2419366721627942,-0.2980388836058131,-0.12939460985871667,-0.22078232887493082,-0.21484454458642,-0.573827017554434,0.3359081728815036,0.1530486706376811,-2.0822236637900797,-0.41287956490253336,-0.7921002913516839,-0.8388252107449443,0.9602246198408223,1.0442097445677454,0.6447249796922815,-0.36451300408623816,-0.20550579668746893,-0.39518013058722373
2021,沧州,84.0,0.580640827305659,0.10619823847548472,-1.6606196354940945,0.5666876560194609,-0.11110338896366077,-0.8415358064996941,-0.2419366721627942,-0.2980388836058131,-0.12939460985871667,-0.22078232887493082,-0.21484454458642,-0.573827017554434,0.3359081728815036,0.1530486706376811,-2.0822236637900797,-0.41287956490253336,-0.7921002913516839,-1.057269276043107,0.8161909268647007,1.3468792357468022,0.8954513606837239,-0.6616087489617908,-0.31138573180975715,-0.3967483011566655
2022,沧州,85.0,-0.16303851005529427,-0.6106427540497499,-0.7729751396767001,1.1505274404822146,-0.11110338896366077,-0.8415358064996941,-0.2419366721627942,-0.2980388836058131,-0.12939460985871667,-0.22078232887493082,-0.21484454458642,-0.573827017554434,0.3359081728815036,0.1530486706376811,-2.0822236637900797,-0.41287956490253336,-0.7921002913516839,-1.0791136825729237,0.2400561549601992,1.0442097445677454,1.2178138505298652,-0.8743738908873496,-0.046685894004036894,-0.392102151783449
2023,沧州,86.0,-1.297498108080849,-0.8933551957708442,-0.3068178220597108,1.2027158124108983,-0.11110338896366077,-0.8415358064996941,-0.2419366721627942,-0.2980388836058131,-0.12939460985871667,-0.22078232887493082,-0.21484454458642,-0.573827017554434,0.3359081728815036,0.1530486706376811,-2.0822236637900797,-0.41287956490253336,-0.7921002913516839,-1.253868934811455,0.8161909268647007,1.1198771173625093,1.325268013811911,-0.5956951742422555,-0.04187316968029611,-0.3953222301857492
2024,沧州,87.0,-0.526270438753318,-0.5768090990960519,-1.558009339411877,0.9120658781223615,-0.11110338896366077,-0.8415358064996941,-0.2419366721627942,-0.2980388836058131,-0.12939460985871667,-0.22078232887493082,-0.21484454458642,-0.573827017554434,0.3359081728815036,0.1530486706376811,-2.0822236637900797,-0.41287956490253336,-0.7921002913516839,-1.6033794392885141,-0.04801123099204905,1.3468792357468022,2.005811047931542,-0.7716262597068974,-0.3855016863953585,-0.4012751883668338
2010,石家庄,,-0.7019698211471592,-0.3494308507618341,-0.07144353332756434,0.22486506387807054,0.6247096609484936,0.7385611305316229,-1.756565500423549,1.0078048742012262,1.0140649457421886,-0.8912848352258335,-1.0324105877942946,-0.6904546664581138,0.19455513950945696,0.9579437106697044,0.10227194743754828,0.658604400237981,-0.884137808930125,1.1490157834683359,-1.3443144677771686,-1.0744766936856505,-1.0387235783931192,0.9678135907961338,0.6270955113196147,-0.34236982979236785
2011,石家庄,,-0.7019698211471592,-0.3494308507618341,-0.07144353332756434,0.22486506387807054,0.6247096609484936,0.7385611305316229,-1.756565500423549,1.0078048742012262,1.0140649457421886,-0.8912848352258335,-1.0324105877942946,-0.6904546664581138,0.19455513950945696,0.9579437106697044,0.10227194743754828,0.658604400237981,-0.884137808930125,1.1490157834683359,-1.3443144677771686,-1.0744766936856505,-1.0387235783931192,0.9678135907961338,0.6270955113196147,-0.34236982979236785
2012,石家庄,,-0.7019698211471592,-0.3494308507618341,-0.07144353332756434,0.22486506387807054,0.6247096609484936,0.7385611305316229,-1.756565500423549,1.0078048742012262,1.0140649457421886,-0.8912848352258335,-1.0324105877942946,-0.6904546664581138,0.19455513950945696,0.9579437106697044,0.10227194743754828,0.658604400237981,-0.884137808930125,1.1490157834683359,-1.3443144677771686,-1.0744766936856505,-1.0387235783931192,0.9678135907961338,0.6270955113196147,-0.34236982979236785
2013,石家庄,,-0.7019698211471592,-0.3494308507618341,-0.07144353332756434,0.22486506387807054,0.6247096609484936,0.7385611305316229,-1.756565500423549,1.0078048742012262,1.0140649457421886,-0.8912848352258335,-1.0324105877942946,-0.6904546664581138,0.19455513950945696,0.9579437106697044,0.10227194743754828,0.658604400237981,-0.884137808930125,1.1490157834683359,-1.3443144677771686,-1.0744766936856505,-1.0387235783931192,0.9678135907961338,0.6270955113196147,-0.34236982979236785
2014,石家庄,88.0,-0.7019698211471592,-0.3494308507618341,-0.07144353332756434,0.22486506387807054,0.6247096609484936,0.7385611305316229,-1.756565500423549,1.0078048742012262,1.0140649457421886,-0.8912848352258335,-1.0324105877942946,-0.6904546664581138,0.19455513950945696,0.9579437106697044,0.10227194743754828,0.658604400237981,-0.884137808930125,1.1490157834683359,-1.3443144677771686,-1.0744766936856505,-1.0387235783931192,0.9678135907961338,0.6270955113196147,-0.34236982979236785
2015,石家庄,89.0,-0.1892706308137291,1.669266967463055,-0.4922865065166561,-0.023608491131860525,0.6247096609484936,0.7385611305316229,-1.756565500423549,1.0078048742012262,1.0140649457421886,-0.8912848352258335,-1.0324105877942946,-0.6904546664581138,0.19455513950945696,0.9579437106697044,0.10227194743754828,0.658604400237981,-0.884137808930125,0.7121276528720103,0.2400561549601992,-0.923141948096122,-0.7879971974016767,1.4277546379199497,0.45865015998870184,-0.339738449726816
2016,石家庄,90.0,1.4291935358494745,2.761111775286326,-0.5214509821497102,-0.13492344950189938,0.6247096609484936,0.7385611305316229,-1.756565500423549,1.0078048742012262,1.0140649457421886,-0.8912848352258335,-1.0324105877942946,-0.6904546664581138,0.19455513950945696,0.9579437106697044,0.10227194743754828,0.658604400237981,-0.884137808930125,0.36261714839495107,0.6721572338885741,-0.6961398297118305,-0.42981665312818723,1.77380090519751,0.29694262271102545,-0.17505009002146638
2017,石家庄,91.0,-0.03498836588067434,1.1613092498063242,-0.11138515808309378,0.09647323109966685,0.6247096609484936,0.7385611305316229,-1.756565500423549,1.0078048742012262,1.0140649457421886,-0.8912848352258335,-1.0324105877942946,-0.6904546664581138,0.19455513950945696,0.9579437106697044,0.10227194743754828,0.658604400237981,-0.884137808930125,0.013106643917890265,0.9602246198408223,-0.09080084735371635,-0.21490832656409362,1.1660389735923835,0.33255678270670463,-0.17505009002146638
2018,石家庄,92.0,-0.30653919144820235,0.7036261132778784,-0.49448514514505254,-0.16395531231769192,0.6247096609484936,0.7385611305316229,-1.756565500423549,1.0078048742012262,1.0140649457421886,-0.8912848352258335,-1.0324105877942946,-0.6904546664581138,0.19455513950945696,0.9579437106697044,0.10227194743754828,0.658604400237981,-0.884137808930125,-0.33640386055917054,0.9602246198408223,0.43887076220963195,0.10745416328204711,0.5796020220435764,-0.29983519343277987,-0.1584371244581413
2019,石家庄,93.0,-0.31114093904952395,0.6199858717410023,-0.16224002445915298,-0.049769982637735515,0.6247096609484936,0.7385611305316229,-1.756565500423549,1.0078048742012262,1.0140649457421886,-0.8912848352258335,-1.0324105877942946,-0.6904546664581138,0.19455513950945696,0.9579437106697044,0.10227194743754828,0.658604400237981,-0.884137808930125,-0.6640699585064147,1.104258312816949,0.7415402533886887,0.42981665312818784,0.21707736108613226,-0.42592857071477774,-0.40132593822345003
2020,石家庄,94.0,0.3831966332030558,1.678015687406743,-0.18741307413661928,0.0571554892499582,0.6247096609484936,0.7385611305316229,-1.756565500423549,1.0078048742012262,1.0140649457421886,-0.8912848352258335,-1.0324105877942946,-0.6904546664581138,0.19455513950945696,0.9579437106697044,0.10227194743754828,0.658604400237981,-0.884137808930125,-0.8388252107449443,0.9602246198408223,1.0442097445677454,0.6447249796922815,-0.20166770183797444,-1.007305669022614,-0.14517111193865703
2021,石家庄,95.0,-0.5022766421937257,3.0976792057179368,0.4891647990938969,-0.540721053054931,0.6247096609484936,0.7385611305316229,-1.756565500423549,1.0078048742012262,1.0140649457421886,-0.8912848352258335,-1.0324105877942946,-0.6904546664581138,0.19455513950945696,0.9579437106697044,0.10227194743754828,0.658604400237981,-0.884137808930125,-1.057269276043107,0.8161909268647007,1.3468792357468022,0.8954513606837239,-0.36790561454974363,-1.2123277252139542,-0.061390711143742706
2022,石家庄,96.0,-0.27445793201305496,1.8752552295001679,-0.5690083137563653,0.013142739990835301,0.6247096609484936,0.7385611305316229,-1.756565500423549,1.0078048742012262,1.0140649457421886,-0.8912848352258335,-1.0324105877942946,-0.6904546664581138,0.19455513950945696,0.9579437106697044,0.10227194743754828,0.658604400237981,-0.884137808930125,-1.0791136825729237,0.2400561549601992,1.0442097445677454,1.2178138505298652,-0.5268736476968583,-0.9168264517362955,-0.20065085519152695
2023,石家庄,97.0,-0.9138648339503906,1.1123691298360348,0.5311862918690314,0.23167863523960253,0.6247096609484936,0.7385611305316229,-1.756565500423549,1.0078048742012262,1.0140649457421886,-0.8912848352258335,-1.0324105877942946,-0.6904546664581138,0.19455513950945696,0.9579437106697044,0.10227194743754828,0.658604400237981,-0.884137808930125,-1.253868934811455,0.8161909268647007,1.1198771173625093,1.325268013811911,-0.5268736476968583,-0.8783246571463726,-0.22637849500312812
2024,石家庄,98.0,-0.24473225350739541,1.1852110205249748,-0.5217714653126247,-0.01417276111257638,0.6247096609484936,0.7385611305316229,-1.756565500423549,1.0078048742012262,1.0140649457421886,-0.8912848352258335,-1.0324105877942946,-0.6904546664581138,0.19455513950945696,0.9579437106697044,0.10227194743754828,0.658604400237981,-0.884137808930125,-1.6033794392885141,-0.04801123099204905,1.3468792357468022,2.005811047931542,-0.5603150936942695,-1.092009617120445,-0.1664403768465218
2010,秦皇岛,,-0.6018980461394773,-1.84740236481677,1.2508336039635575,-0.5009780900243936,0.7233115196180315,0.3852008989047417,1.8562129094765494,-0.7867027342736582,-1.970537185000961,1.4526316698757167,1.5471504127331086,1.9635374231010232,1.0599362191525332,-0.6735476855210862,1.1320826325442506,0.6805478313942083,1.6706209426046403,1.1490157834683359,-1.3443144677771686,-1.0744766936856505,-1.0387235783931192,-0.38729196005548927,-0.35662534045291655,-0.37673763269288335
2011,秦皇岛,,-0.6018980461394773,-1.84740236481677,1.2508336039635575,-0.5009780900243936,0.7233115196180315,0.3852008989047417,1.8562129094765494,-0.7867027342736582,-1.970537185000961,1.4526316698757167,1.5471504127331086,1.9635374231010232,1.0599362191525332,-0.6735476855210862,1.1320826325442506,0.6805478313942083,1.6706209426046403,1.1490157834683359,-1.3443144677771686,-1.0744766936856505,-1.0387235783931192,-0.38729196005548927,-0.35662534045291655,-0.37673763269288335
2012,秦皇岛,,-0.6018980461394773,-1.84740236481677,1.2508336039635575,-0.5009780900243936,0.7233115196180315,0.3852008989047417,1.8562129094765494,-0.7867027342736582,-1.970537185000961,1.4526316698757167,1.5471504127331086,1.9635374231010232,1.0599362191525332,-0.6735476855210862,1.1320826325442506,0.6805478313942083,1.6706209426046403,1.1490157834683359,-1.3443144677771686,-1.0744766936856505,-1.0387235783931192,-0.38729196005548927,-0.35662534045291655,-0.37673763269288335
2013,秦皇岛,,-0.6018980461394773,-1.84740236481677,1.2508336039635575,-0.5009780900243936,0.7233115196180315,0.3852008989047417,1.8562129094765494,-0.7867027342736582,-1.970537185000961,1.4526316698757167,1.5471504127331086,1.9635374231010232,1.0599362191525332,-0.6735476855210862,1.1320826325442506,0.6805478313942083,1.6706209426046403,1.1490157834683359,-1.3443144677771686,-1.0744766936856505,-1.0387235783931192,-0.38729196005548927,-0.35662534045291655,-0.37673763269288335
2014,秦皇岛,99.0,-0.6018980461394773,-1.84740236481677,1.2508336039635575,-0.5009780900243936,0.7233115196180315,0.3852008989047417,1.8562129094765494,-0.7867027342736582,-1.970537185000961,1.4526316698757167,1.5471504127331086,1.9635374231010232,1.0599362191525332,-0.6735476855210862,1.1320826325442506,0.6805478313942083,1.6706209426046403,1.1490157834683359,-1.3443144677771686,-1.0744766936856505,-1.0387235783931192,-0.38729196005548927,-0.35662534045291655,-0.37673763269288335
2015,秦皇岛,100.0,-0.6018980461394773,-1.542868655250199,1.4464107674789464,-0.9235759857427875,0.7233115196180315,0.3852008989047417,1.8562129094765494,-0.7867027342736582,-1.970537185000961,1.4526316698757167,1.5471504127331086,1.9635374231010232,1.0599362191525332,-0.6735476855210862,1.1320826325442506,0.6805478313942083,1.6706209426046403,0.7121276528720103,0.2400561549601992,-0.923141948096122,-0.7879971974016767,-0.5133032058428363,-0.4384416539565029,-0.31504356949735524
2016,秦皇岛,101.0,1.9726043089595755,-1.3952252375355423,0.7321421559045469,-0.8604003596430139,0.7233115196180315,0.3852008989047417,1.8562129094765494,-0.7867027342736582,-1.970537185000961,1.4526316698757167,1.5471504127331086,1.9635374231010232,1.0599362191525332,-0.6735476855210862,1.1320826325442506,0.6805478313942083,1.6706209426046403,0.36261714839495107,0.6721572338885741,-0.6961398297118305,-0.42981665312818723,-0.575824170098866,-0.6165124539348961,-0.3362874594769119
2017,秦皇岛,102.0,-0.4492262657032745,-1.5309120143415211,2.00032145318023,-0.5868344867649667,0.7233115196180315,0.3852008989047417,1.8562129094765494,-0.7867027342736582,-1.970537185000961,1.4526316698757167,1.5471504127331086,1.9635374231010232,1.0599362191525332,-0.6735476855210862,1.1320826325442506,0.6805478313942083,1.6706209426046403,0.013106643917890265,0.9602246198408223,-0.09080084735371635,-0.21490832656409362,-0.6931115604086274,-0.699291312303231,-0.3165559152245191
2018,秦皇岛,103.0,0.41376318088690406,-1.3260599604307535,0.7964299499233679,-0.8086492801252585,0.7233115196180315,0.3852008989047417,1.8562129094765494,-0.7867027342736582,-1.970537185000961,1.4526316698757167,1.5471504127331086,1.9635374231010232,1.0599362191525332,-0.6735476855210862,1.1320826325442506,0.6805478313942083,1.6706209426046403,-0.33640386055917054,0.9602246198408223,0.43887076220963195,0.10745416328204711,-0.9519192729103324,-0.6415386204183464,-0.2743624844337799
2019,秦皇岛,104.0,2.3765735527032916,-1.4217508121919704,1.852062218091875,-0.706304375105387,0.7233115196180315,0.3852008989047417,1.8562129094765494,-0.7867027342736582,-1.970537185000961,1.4526316698757167,1.5471504127331086,1.9635374231010232,1.0599362191525332,-0.6735476855210862,1.1320826325442506,0.6805478313942083,1.6706209426046403,-0.6640699585064147,1.104258312816949,0.7415402533886887,0.42981665312818784,-0.7580558178528757,-0.8523359457981744,-0.2743624844337799
2020,秦皇岛,105.0,0.6476138619992414,-1.4734982583444833,2.198636208699395,-0.9077495617000662,0.7233115196180315,0.3852008989047417,1.8562129094765494,-0.7867027342736582,-1.970537185000961,1.4526316698757167,1.5471504127331086,1.9635374231010232,1.0599362191525332,-0.6735476855210862,1.1320826325442506,0.6805478313942083,1.6706209426046403,-0.8388252107449443,0.9602246198408223,1.0442097445677454,0.6447249796922815,-1.1787395153275568,-0.8763995674168762,-0.2289185253267708
2021,秦皇岛,106.0,2.244871846017171,-0.9111559417119599,1.234251590706608,-1.1812856011856188,0.7233115196180315,0.3852008989047417,1.8562129094765494,-0.7867027342736582,-1.970537185000961,1.4526316698757167,1.5471504127331086,1.9635374231010232,1.0599362191525332,-0.6735476855210862,1.1320826325442506,0.6805478313942083,1.6706209426046403,-1.057269276043107,0.8161909268647007,1.3468792357468022,0.8954513606837239,-1.1574145352712364,-0.8966130095765859,-0.26819383936207636
2022,秦皇岛,107.0,0.6591273096985965,-1.3632298395114875,1.9332002043242182,-0.8741979663226019,0.7233115196180315,0.3852008989047417,1.8562129094765494,-0.7867027342736582,-1.970537185000961,1.4526316698757167,1.5471504127331086,1.9635374231010232,1.0599362191525332,-0.6735476855210862,1.1320826325442506,0.6805478313942083,1.6706209426046403,-1.0791136825729237,0.2400561549601992,1.0442097445677454,1.2178138505298652,-1.423492127337596,-0.6126622744759038,-0.2522304719634391
2023,秦皇岛,108.0,0.5991946082710814,-1.3935179051072546,1.5645308180188686,-1.0197722491038517,0.7233115196180315,0.3852008989047417,1.8562129094765494,-0.7867027342736582,-1.970537185000961,1.4526316698757167,1.5471504127331086,1.9635374231010232,1.0599362191525332,-0.6735476855210862,1.1320826325442506,0.6805478313942083,1.6706209426046403,-1.253868934811455,0.8161909268647007,1.1198771173625093,1.325268013811911,-1.201518471296808,-0.6068870052874158,-0.2663389321027529
2024,秦皇岛,109.0,2.15675627957579,-1.1475856461872336,0.11566593464655638,-1.4109417072113186,0.7233115196180315,0.3852008989047417,1.8562129094765494,-0.7867027342736582,-1.970537185000961,1.4526316698757167,1.5471504127331086,1.9635374231010232,1.0599362191525332,-0.6735476855210862,1.1320826325442506,0.6805478313942083,1.6706209426046403,-1.6033794392885141,-0.04801123099204905,1.3468792357468022,2.005811047931542,-1.2722786323927795,-0.9620660603794549,-0.2568867713079788
2010,衡水,,-0.34675349061501015,-0.6392381467723866,-1.6444002308805934,1.9630715958811014,0.5064475389247491,0.1823975999501686,-0.9552466220940735,0.5600624578359258,0.5981987610795527,-0.8697697044528626,-0.9152853582696735,-0.6378315138556686,0.5402807049850868,0.7779165737798971,-0.8065852534125051,0.3574138544305448,-1.77110434227362,1.1490157834683359,-1.3443144677771686,-1.0744766936856505,-1.0387235783931192,1.7607151219811321,0.980349476682158,-0.42109300737547417
2011,衡水,,-0.34675349061501015,-0.6392381467723866,-1.6444002308805934,1.9630715958811014,0.5064475389247491,0.1823975999501686,-0.9552466220940735,0.5600624578359258,0.5981987610795527,-0.8697697044528626,-0.9152853582696735,-0.6378315138556686,0.5402807049850868,0.7779165737798971,-0.8065852534125051,0.3574138544305448,-1.77110434227362,1.1490157834683359,-1.3443144677771686,-1.0744766936856505,-1.0387235783931192,1.7607151219811321,0.980349476682158,-0.42109300737547417
2012,衡水,,-0.34675349061501015,-0.6392381467723866,-1.6444002308805934,1.9630715958811014,0.5064475389247491,0.1823975999501686,-0.9552466220940735,0.5600624578359258,0.5981987610795527,-0.8697697044528626,-0.9152853582696735,-0.6378315138556686,0.5402807049850868,0.7779165737798971,-0.8065852534125051,0.3574138544305448,-1.77110434227362,1.1490157834683359,-1.3443144677771686,-1.0744766936856505,-1.0387235783931192,1.7607151219811321,0.980349476682158,-0.42109300737547417
2013,衡水,,-0.34675349061501015,-0.6392381467723866,-1.6444002308805934,1.9630715958811014,0.5064475389247491,0.1823975999501686,-0.9552466220940735,0.5600624578359258,0.5981987610795527,-0.8697697044528626,-0.9152853582696735,-0.6378315138556686,0.5402807049850868,0.7779165737798971,-0.8065852534125051,0.3574138544305448,-1.77110434227362,1.1490157834683359,-1.3443144677771686,-1.0744766936856505,-1.0387235783931192,1.7607151219811321,0.980349476682158,-0.42109300737547417
2014,衡水,110.0,-0.34675349061501015,-0.6392381467723866,-1.6444002308805934,1.9630715958811014,0.5064475389247491,0.1823975999501686,-0.9552466220940735,0.5600624578359258,0.5981987610795527,-0.8697697044528626,-0.9152853582696735,-0.6378315138556686,0.5402807049850868,0.7779165737798971,-0.8065852534125051,0.3574138544305448,-1.77110434227362,1.1490157834683359,-1.3443144677771686,-1.0744766936856505,-1.0387235783931192,1.7607151219811321,0.980349476682158,-0.42109300737547417
2015,衡水,111.0,-0.11557103602915612,0.12477470140232536,-1.8149658276079987,1.3939214570678111,0.5064475389247491,0.1823975999501686,-0.9552466220940735,0.5600624578359258,0.5981987610795527,-0.8697697044528626,-0.9152853582696735,-0.6378315138556686,0.5402807049850868,0.7779165737798971,-0.8065852534125051,0.3574138544305448,-1.77110434227362,0.7121276528720103,0.2400561549601992,-0.923141948096122,-0.7879971974016767,1.9967438785135851,0.5645300951109901,-0.42003233537219486
2016,衡水,112.0,0.353261631391431,0.752776367785164,-2.1349093600700804,1.4910768185287817,0.5064475389247491,0.1823975999501686,-0.9552466220940735,0.5600624578359258,0.5981987610795527,-0.8697697044528626,-0.9152853582696735,-0.6378315138556686,0.5402807049850868,0.7779165737798971,-0.8065852534125051,0.3574138544305448,-1.77110434227362,0.36261714839495107,0.6721572338885741,-0.6961398297118305,-0.42981665312818723,1.4146688547035717,0.3999349232390694,-0.42086717051353195
2017,衡水,113.0,1.373447641814688,-0.14977298069179115,-1.6818728375505632,1.7621503857433891,0.5064475389247491,0.1823975999501686,-0.9552466220940735,0.5600624578359258,0.5981987610795527,-0.8697697044528626,-0.9152853582696735,-0.6378315138556686,0.5402807049850868,0.7779165737798971,-0.8065852534125051,0.3574138544305448,-1.77110434227362,0.013106643917890265,0.9602246198408223,-0.09080084735371635,-0.21490832656409362,0.9290408997846425,0.48752650593114444,-0.41038732512227905
2018,衡水,114.0,1.3788475157505085,-0.3597103473835051,-2.877252578831256,1.1271637579660267,0.5064475389247491,0.1823975999501686,-0.9552466220940735,0.5600624578359258,0.5981987610795527,-0.8697697044528626,-0.9152853582696735,-0.6378315138556686,0.5402807049850868,0.7779165737798971,-0.8065852534125051,0.3574138544305448,-1.77110434227362,-0.33640386055917054,0.9602246198408223,0.43887076220963195,0.10745416328204711,0.19914499149331727,0.5799308129469596,-0.40932411562616894
2019,衡水,115.0,-0.0005133282053214594,-0.7365171170089699,-1.9019744108770689,1.6200254239616043,0.5064475389247491,0.1823975999501686,-0.9552466220940735,0.5600624578359258,0.5981987610795527,-0.8697697044528626,-0.9152853582696735,-0.6378315138556686,0.5402807049850868,0.7779165737798971,-0.8065852534125051,0.3574138544305448,-1.77110434227362,-0.6640699585064147,1.104258312816949,0.7415402533886887,0.42981665312818784,-0.08438031152821301,-0.09385059237669202,-0.3981464597064428
2020,衡水,116.0,0.3549999307501963,0.011352483713224813,-1.5467500831792742,1.5345810624530631,0.5064475389247491,0.1823975999501686,-0.9552466220940735,0.5600624578359258,0.5981987610795527,-0.8697697044528626,-0.9152853582696735,-0.6378315138556686,0.5402807049850868,0.7779165737798971,-0.8065852534125051,0.3574138544305448,-1.77110434227362,-0.8388252107449443,0.9602246198408223,1.0442097445677454,0.6447249796922815,-0.17161886630406878,-0.8946879198470894,-0.3972304247945197
2021,衡水,117.0,-1.1233689699058995,1.3315861801455966,-1.808114427961951,0.814293431858527,0.5064475389247491,0.1823975999501686,-0.9552466220940735,0.5600624578359258,0.5981987610795527,-0.8697697044528626,-0.9152853582696735,-0.6378315138556686,0.5402807049850868,0.7779165737798971,-0.8065852534125051,0.3574138544305448,-1.77110434227362,-1.057269276043107,0.8161909268647007,1.3468792357468022,0.8954513606837239,-0.4590214384267485,-1.0188562073995913,-0.3938428718653859
2022,衡水,118.0,-0.7713573843680178,0.10104573962833661,-2.0530820529220106,1.7095538800981125,0.5064475389247491,0.1823975999501686,-0.9552466220940735,0.5600624578359258,0.5981987610795527,-0.8697697044528626,-0.9152853582696735,-0.6378315138556686,0.5402807049850868,0.7779165737798971,-0.8065852534125051,0.3574138544305448,-1.77110434227362,-1.0791136825729237,0.2400561549601992,1.0442097445677454,1.2178138505298652,-0.6601547730488598,-0.741643286352146,-0.39475129429881656
2023,衡水,119.0,0.2959735388171658,-0.3646292051183322,-1.3777621720251907,1.7481466147742721,0.5064475389247491,0.1823975999501686,-0.9552466220940735,0.5600624578359258,0.5981987610795527,-0.8697697044528626,-0.9152853582696735,-0.6378315138556686,0.5402807049850868,0.7779165737798971,-0.8065852534125051,0.3574138544305448,-1.77110434227362,-1.253868934811455,0.8161909268647007,1.1198771173625093,1.325268013811911,-0.5632230455201315,-0.7166171198686963,-0.3960834780349928
2024,衡水,120.0,-0.6014380286268677,0.15547998734049745,-2.2641716171381217,1.4754398379951352,0.5064475389247491,0.1823975999501686,-0.9552466220940735,0.5600624578359258,0.5981987610795527,-0.8697697044528626,-0.9152853582696735,-0.6378315138556686,0.5402807049850868,0.7779165737798971,-0.8065852534125051,0.3574138544305448,-1.77110434227362,-1.6033794392885141,-0.04801123099204905,1.3468792357468022,2.005811047931542,-0.7827734083727013,-0.9331897144370129,-0.3960834780349928
2010,邢台,,0.4510304069900598,-0.006874942186062762,0.06515812670977307,0.4667762699191167,1.486127271735831,1.3900556784887346,-0.9463697277434302,1.514000177143495,1.3890204481742991,-1.5000026076842563,-1.6741970803153634,0.3153927003129065,1.115529701886979,1.5296573198344083,0.5748559997924069,1.4542630526192697,-0.7106486674858778,1.1490157834683359,-1.3443144677771686,-1.0744766936856505,-1.0387235783931192,1.1854253190981288,0.9996003739771196,-0.3590233952409859
2011,邢台,,0.4510304069900598,-0.006874942186062762,0.06515812670977307,0.4667762699191167,1.486127271735831,1.3900556784887346,-0.9463697277434302,1.514000177143495,1.3890204481742991,-1.5000026076842563,-1.6741970803153634,0.3153927003129065,1.115529701886979,1.5296573198344083,0.5748559997924069,1.4542630526192697,-0.7106486674858778,1.1490157834683359,-1.3443144677771686,-1.0744766936856505,-1.0387235783931192,1.1854253190981288,0.9996003739771196,-0.3590233952409859
2012,邢台,,0.4510304069900598,-0.006874942186062762,0.06515812670977307,0.4667762699191167,1.486127271735831,1.3900556784887346,-0.9463697277434302,1.514000177143495,1.3890204481742991,-1.5000026076842563,-1.6741970803153634,0.3153927003129065,1.115529701886979,1.5296573198344083,0.5748559997924069,1.4542630526192697,-0.7106486674858778,1.1490157834683359,-1.3443144677771686,-1.0744766936856505,-1.0387235783931192,1.1854253190981288,0.9996003739771196,-0.3590233952409859
2013,邢台,,0.4510304069900598,-0.006874942186062762,0.06515812670977307,0.4667762699191167,1.486127271735831,1.3900556784887346,-0.9463697277434302,1.514000177143495,1.3890204481742991,-1.5000026076842563,-1.6741970803153634,0.3153927003129065,1.115529701886979,1.5296573198344083,0.5748559997924069,1.4542630526192697,-0.7106486674858778,1.1490157834683359,-1.3443144677771686,-1.0744766936856505,-1.0387235783931192,1.1854253190981288,0.9996003739771196,-0.3590233952409859
2014,邢台,121.0,0.4510304069900598,-0.006874942186062762,0.06515812670977307,0.4667762699191167,1.486127271735831,1.3900556784887346,-0.9463697277434302,1.514000177143495,1.3890204481742991,-1.5000026076842563,-1.6741970803153634,0.3153927003129065,1.115529701886979,1.5296573198344083,0.5748559997924069,1.4542630526192697,-0.7106486674858778,1.1490157834683359,-1.3443144677771686,-1.0744766936856505,-1.0387235783931192,1.1854253190981288,0.9996003739771196,-0.3590233952409859
2015,邢台,122.0,0.2867094753839877,-0.08453682052937217,-0.3366310504052986,0.08294277555621096,1.486127271735831,1.3900556784887346,-0.9463697277434302,1.514000177143495,1.3890204481742991,-1.5000026076842563,-1.6741970803153634,0.3153927003129065,1.115529701886979,1.5296573198344083,0.5748559997924069,1.4542630526192697,-0.7106486674858778,0.7121276528720103,0.2400561549601992,-0.923141948096122,-0.7879971974016767,2.0902829955788085,0.5164028518735864,-0.35165451606030834
2016,邢台,123.0,1.9196535796810201,1.0398224247475394,-0.6392057834454755,0.023311467956643506,1.486127271735831,1.3900556784887346,-0.9463697277434302,1.514000177143495,1.3890204481742991,-1.5000026076842563,-1.6741970803153634,0.3153927003129065,1.115529701886979,1.5296573198344083,0.5748559997924069,1.4542630526192697,-0.7106486674858778,0.36261714839495107,0.6721572338885741,-0.6961398297118305,-0.42981665312818723,1.3977058023860438,0.28635462919879673,-0.4153684235491627
2017,邢台,124.0,0.2756319311589027,-0.014277376452046374,-0.20376211644644296,0.2786659644059854,1.486127271735831,1.3900556784887346,-0.9463697277434302,1.514000177143495,1.3890204481742991,-1.5000026076842563,-1.6741970803153634,0.3153927003129065,1.115529701886979,1.5296573198344083,0.5748559997924069,1.4542630526192697,-0.7106486674858778,0.013106643917890265,0.9602246198408223,-0.09080084735371635,-0.21490832656409362,1.1132111820892263,0.46827560863618267,-0.3784199904397116
2018,邢台,125.0,-0.3821108965350709,-0.358175296782736,-0.8043232623225897,-0.14998810998877507,1.486127271735831,1.3900556784887346,-0.9463697277434302,1.514000177143495,1.3890204481742991,-1.5000026076842563,-1.6741970803153634,0.3153927003129065,1.115529701886979,1.5296573198344083,0.5748559997924069,1.4542630526192697,-0.7106486674858778,-0.33640386055917054,0.9602246198408223,0.43887076220963195,0.10745416328204711,0.5568230660743252,-0.5991866463694308,-0.3775014180349577
2019,邢台,126.0,1.0307363761884978,-0.5921200000859244,-0.40194068919060677,0.09060312244158159,1.486127271735831,1.3900556784887346,-0.9463697277434302,1.514000177143495,1.3890204481742991,-1.5000026076842563,-1.6741970803153634,0.3153927003129065,1.115529701886979,1.5296573198344083,0.5748559997924069,1.4542630526192697,-0.7106486674858778,-0.6640699585064147,1.104258312816949,0.7415402533886887,0.42981665312818784,0.36586756284273036,-0.11791421399539385,-0.36264693500338524
2020,邢台,127.0,1.6863361819497593,0.0864544247715946,-0.5100119901573427,0.262448156761828,1.486127271735831,1.3900556784887346,-0.9463697277434302,1.514000177143495,1.3890204481742991,-1.5000026076842563,-1.6741970803153634,0.3153927003129065,1.115529701886979,1.5296573198344083,0.5748559997924069,1.4542630526192697,-0.7106486674858778,-0.8388252107449443,0.9602246198408223,1.0442097445677454,0.6447249796922815,-0.22105404734372006,-0.25940830911336127,-0.36290829676495884
2021,邢台,128.0,0.7438880393809182,2.4804882845591143,-0.1799705861781252,-0.4977781433313151,1.486127271735831,1.3900556784887346,-0.9463697277434302,1.514000177143495,1.3890204481742991,-1.5000026076842563,-1.6741970803153634,0.3153927003129065,1.115529701886979,1.5296573198344083,0.5748559997924069,1.4542630526192697,-0.7106486674858778,-1.057269276043107,0.8161909268647007,1.3468792357468022,0.8954513606837239,-0.4948861776123781,-0.44132928855074727,-0.35757194934176156
2022,邢台,129.0,1.07465201144463,0.40894611789859175,-0.6609416512006829,0.2870880161777965,1.486127271735831,1.3900556784887346,-0.9463697277434302,1.514000177143495,1.3890204481742991,-1.5000026076842563,-1.6741970803153634,0.3153927003129065,1.115529701886979,1.5296573198344083,0.5748559997924069,1.4542630526192697,-0.7106486674858778,-1.0791136825729237,0.2400561549601992,1.0442097445677454,1.2178138505298652,-0.42170272332818787,-0.23919486695365164,-0.3583940970189446
2023,邢台,130.0,0.009227010291111911,0.6159468722437947,0.03384353630749605,0.4368627643520335,1.486127271735831,1.3900556784887346,-0.9463697277434302,1.514000177143495,1.3890204481742991,-1.5000026076842563,-1.6741970803153634,0.3153927003129065,1.115529701886979,1.5296573198344083,0.5748559997924069,1.4542630526192697,-0.7106486674858778,-1.253868934811455,0.8161909268647007,1.1198771173625093,1.325268013811911,-0.44593565521037,-0.23341959776516297,-0.35827990984155805
2024,邢台,131.0,-0.8114295503557085,0.12060634450878402,-0.7965563810809011,0.09606788417981642,1.486127271735831,1.3900556784887346,-0.9463697277434302,1.514000177143495,1.3890204481742991,-1.5000026076842563,-1.6741970803153634,0.3153927003129065,1.115529701886979,1.5296573198344083,0.5748559997924069,1.4542630526192697,-0.7106486674858778,-1.6033794392885141,-0.04801123099204905,1.3468792357468022,2.005811047931542,-0.6010264192563356,-0.5626099415090043,-0.38025459775638853
2010,邯郸,,-0.4702756343478507,-0.011570416223256016,-0.08510299968495637,0.6048722863137302,1.8987711643514156,1.7433329588003192,-0.574667199955323,1.7775958896604789,1.5827164499645323,-1.7794150602282826,-1.3796533282869623,0.8100801512151683,1.5376489890718428,1.8017846594753744,0.9092983840508034,1.8519306733879812,-0.4311888038182334,1.1490157834683359,-1.3443144677771686,-1.0744766936856505,-1.0387235783931192,0.9154704579306205,0.8994957080433201,-0.3626240975679079
2011,邯郸,,-0.4702756343478507,-0.011570416223256016,-0.08510299968495637,0.6048722863137302,1.8987711643514156,1.7433329588003192,-0.574667199955323,1.7775958896604789,1.5827164499645323,-1.7794150602282826,-1.3796533282869623,0.8100801512151683,1.5376489890718428,1.8017846594753744,0.9092983840508034,1.8519306733879812,-0.4311888038182334,1.1490157834683359,-1.3443144677771686,-1.0744766936856505,-1.0387235783931192,0.9154704579306205,0.8994957080433201,-0.3626240975679079
2012,邯郸,,-0.4702756343478507,-0.011570416223256016,-0.08510299968495637,0.6048722863137302,1.8987711643514156,1.7433329588003192,-0.574667199955323,1.7775958896604789,1.5827164499645323,-1.7794150602282826,-1.3796533282869623,0.8100801512151683,1.5376489890718428,1.8017846594753744,0.9092983840508034,1.8519306733879812,-0.4311888038182334,1.1490157834683359,-1.3443144677771686,-1.0744766936856505,-1.0387235783931192,0.9154704579306205,0.8994957080433201,-0.3626240975679079
2013,邯郸,,-0.4702756343478507,-0.011570416223256016,-0.08510299968495637,0.6048722863137302,1.8987711643514156,1.7433329588003192,-0.574667199955323,1.7775958896604789,1.5827164499645323,-1.7794150602282826,-1.3796533282869623,0.8100801512151683,1.5376489890718428,1.8017846594753744,0.9092983840508034,1.8519306733879812,-0.4311888038182334,1.1490157834683359,-1.3443144677771686,-1.0744766936856505,-1.0387235783931192,0.9154704579306205,0.8994957080433201,-0.3626240975679079
2014,邯郸,132.0,-0.4702756343478507,-0.011570416223256016,-0.08510299968495637,0.6048722863137302,1.8987711643514156,1.7433329588003192,-0.574667199955323,1.7775958896604789,1.5827164499645323,-1.7794150602282826,-1.3796533282869623,0.8100801512151683,1.5376489890718428,1.8017846594753744,0.9092983840508034,1.8519306733879812,-0.4311888038182334,1.1490157834683359,-1.3443144677771686,-1.0744766936856505,-1.0387235783931192,0.9154704579306205,0.8994957080433201,-0.3626240975679079
2015,邯郸,133.0,-0.7509953841474055,-0.18143534040592307,-0.41859275735866097,0.3141918439345403,1.8987711643514156,1.7433329588003192,-0.574667199955323,1.7775958896604789,1.5827164499645323,-1.7794150602282826,-1.3796533282869623,0.8100801512151683,1.5376489890718428,1.8017846594753744,0.9092983840508034,1.8519306733879812,-0.4311888038182334,0.7121276528720103,0.2400561549601992,-0.923141948096122,-0.7879971974016767,1.6177408238762576,0.7811026896793066,-0.3673108468264174
2016,邯郸,134.0,0.8613610920253216,0.7718256690362696,-0.7264132242602103,0.17168151216534253,1.8987711643514156,1.7433329588003192,-0.574667199955323,1.7775958896604789,1.5827164499645323,-1.7794150602282826,-1.3796533282869623,0.8100801512151683,1.5376489890718428,1.8017846594753744,0.9092983840508034,1.8519306733879812,-0.4311888038182334,0.36261714839495107,0.6721572338885741,-0.6961398297118305,-0.42981665312818723,1.1311435516820407,0.49715195457862466,-0.3759535474081625
2017,邯郸,135.0,1.4706521063469142,-0.14897788858943406,-0.32683368827648723,0.43411562812753285,1.8987711643514156,1.7433329588003192,-0.574667199955323,1.7775958896604789,1.5827164499645323,-1.7794150602282826,-1.3796533282869623,0.8100801512151683,1.5376489890718428,1.8017846594753744,0.9092983840508034,1.8519306733879812,-0.4311888038182334,0.013106643917890265,0.9602246198408223,-0.09080084735371635,-0.21490832656409362,1.3569944768239783,0.5048523134966098,-0.3713911352983628
2018,邯郸,136.0,1.265503437676086,0.15621011581650132,-0.9507673608969869,-0.15728856994283863,1.8987711643514156,1.7433329588003192,-0.574667199955323,1.7775958896604789,1.5827164499645323,-1.7794150602282826,-1.3796533282869623,0.8100801512151683,1.5376489890718428,1.8017846594753744,0.9092983840508034,1.8519306733879812,-0.4311888038182334,-0.33640386055917054,0.9602246198408223,0.43887076220963195,0.10745416328204711,0.5582770419872561,0.1179092778678838,-0.3136200360192698
2019,邯郸,137.0,1.6971127863580728,-0.5820497832166921,-0.4648323276501981,0.2351314470686712,1.8987711643514156,1.7433329588003192,-0.574667199955323,1.7775958896604789,1.5827164499645323,-1.7794150602282826,-1.3796533282869623,0.8100801512151683,1.5376489890718428,1.8017846594753744,0.9092983840508034,1.8519306733879812,-0.4311888038182334,-0.6640699585064147,1.104258312816949,0.7415402533886887,0.42981665312818784,0.40803286431772745,0.2988677124405219,-0.2927060201077187
2020,邯郸,138.0,-0.22483026051060243,-0.26657544391262733,-0.6257636814079446,0.3654113786420706,1.8987711643514156,1.7433329588003192,-0.574667199955323,1.7775958896604789,1.5827164499645323,-1.7794150602282826,-1.3796533282869623,0.8100801512151683,1.5376489890718428,1.8017846594753744,0.9092983840508034,1.8519306733879812,-0.4311888038182334,-0.8388252107449443,0.9602246198408223,1.0442097445677454,0.6447249796922815,-0.3805067391284782,0.24977792433837034,-0.27752166300814063
2021,邯郸,139.0,0.06318885050489415,2.1762277213978196,-0.1530840236178153,-0.45698360455107906,1.8987711643514156,1.7433329588003192,-0.574667199955323,1.7775958896604789,1.5827164499645323,-1.7794150602282826,-1.3796533282869623,0.8100801512151683,1.5376489890718428,1.8017846594753744,0.9092983840508034,1.8519306733879812,-0.4311888038182334,-1.057269276043107,0.8161909268647007,1.3468792357468022,0.8954513606837239,-0.566615655983637,0.11502164327363947,-0.27394379811669595
2022,邯郸,140.0,-0.011889678965016899,0.44012780376335037,-0.5053852966082238,0.2971286394975643,1.8987711643514156,1.7433329588003192,-0.574667199955323,1.7775958896604789,1.5827164499645323,-1.7794150602282826,-1.3796533282869623,0.8100801512151683,1.5376489890718428,1.8017846594753744,0.9092983840508034,1.8519306733879812,-0.4311888038182334,-1.0791136825729237,0.2400561549601992,1.0442097445677454,1.2178138505298652,-0.2724278629339462,0.4278487243167634,-0.2742508347492242
2023,邯郸,141.0,-0.10813516246583084,0.5846562013479841,-0.031789384226092926,0.5053347416626965,1.8987711643514156,1.7433329588003192,-0.574667199955323,1.7775958896604789,1.5827164499645323,-1.7794150602282826,-1.3796533282869623,0.8100801512151683,1.5376489890718428,1.8017846594753744,0.9092983840508034,1.8519306733879812,-0.4311888038182334,-1.253868934811455,0.8161909268647007,1.1198771173625093,1.325268013811911,-0.34900392768164157,0.2815419048750566,-0.27158646727687175
2024,邯郸,142.0,-0.22624705987496374,-0.0798916363169652,-0.924072140326479,0.20966695982929015,1.8987711643514156,1.7433329588003192,-0.574667199955323,1.7775958896604789,1.5827164499645323,-1.7794150602282826,-1.3796533282869623,0.8100801512151683,1.5376489890718428,1.8017846594753744,0.9092983840508034,1.8519306733879812,-0.4311888038182334,-1.6033794392885141,-0.04801123099204905,1.3468792357468022,2.005811047931542,-0.5278429649721457,-0.07267460535223451,-0.2707617821068579
